level,episode_idx,episode,type,moves,target_score,goal_text,goal_icons,goal_nums,difficulty,difficulty_rank,remarks
1,1,Candy_Town,Order,15,500,: 15,Bluecandy order.png,15,Very easy,1,First level in the gameFirst levelFormerly first level
2,1,Candy_Town,Order,22,10000,: 28,Icing order new.png,28,Very easy,1,is introduced
3,1,Candy_Town,Order,21,10000,: 6,Striped2 (trans).png,6,Very easy,1,First five-coloured level
4,1,Candy_Town,Order,20,10000,: 29,Icing order new.png,29,Very easy,1,First level where special candies appear on the board from the start
5,1,Candy_Town,Order,16,2000,: 25 : 3,Icing order new.png|Wrapped2 (trans).png,25|3,Very easy,1,Formerly the fifth and final in a row before it was totally changed.
6,1,Candy_Town,Order,27,10000,: 35 : 5,Icing order new.png|Wrapped2 (trans).png,35|5,Very easy,1,
7,1,Candy_Town,Order,25,4000,: 40,Bluecandy order.png,40,Very easy,1,Lollipop hammer booster unlocked. Currently the seventh and final in a row.
8,1,Candy_Town,Jelly,12,10000,: 21,Single jelly-removebg-preview (1).png,21,Very easy,1,+5 Moves booster unlockedFirst level
9,1,Candy_Town,Jelly,30,10000,: 29 : 19,Single jelly-removebg-preview (1).png|Double jelly-removebg-preview.png,29|19,Very easy,1,Jelly fish booster unlocked Double jelly is first introduced
10,1,Candy_Town,Jelly,22,20000,: 16 : 24,Single jelly-removebg-preview (1).png|Double jelly-removebg-preview.png,16|24,Very easy,1,"are introducedThis level features the game's first cutscene, as well as the first hexagon level."
11,2,Candy_Factory,Order,25,8900,: 14 : 65,Bubblegum Pop order.png|Multilayered frosting 2024 FTUE order.png,14|65,Very easy,1,is introduced
12,2,Candy_Factory,Jelly,25,64000,: 63,Single jelly-removebg-preview (1).png,63,Very easy,1,
13,2,Candy_Factory,Jelly,18,20000,: 21 : 17,Single jelly-removebg-preview (1).png|Double jelly-removebg-preview.png,21|17,Very easy,1,Teleporters are introduced. Colour bomb booster unlocked
14,2,Candy_Factory,Order,25,9300,: 38 : 45,Multilayered frosting 2024 FTUE order.png|Redcandy order.png,38|45,Very easy,1,Candy cannon is introduced.
15,2,Candy_Factory,Order,30,10000,: 50,Multilayered frosting 2024 FTUE order.png,50,Very easy,1,Marmalade is introduced. Coconut wheel booster unlocked
16,2,Candy_Factory,Mixed,25,94300,: 14 : 38 : 33,Single jelly-removebg-preview (1).png|Double jelly-removebg-preview.png|Bubblegum Pop order.png,14|38|33,Very easy,1,First mixed level
17,2,Candy_Factory,Ingredients,20,10000,: 4,Gummi Dragon order.png,4,Very easy,1,First level
18,2,Candy_Factory,Jelly,30,77200,: 10 : 33,Single jelly-removebg-preview (1).png|Double jelly-removebg-preview.png,10|33,Very easy,1,
19,2,Candy_Factory,Ingredients,20,10000,: 5,Gummi Dragon order.png,5,Very easy,1,Free switch booster unlocked
20,2,Candy_Factory,Order,28,12820,: 54 : 63,Multilayered frosting 2024 FTUE order.png|Bubblegum Pop order.png,54|63,Very easy,1,
21,3,Lemonade_Lake_(Episode_3),Jelly,25,60000,: 21 : 37,Single jelly-removebg-preview (1).png|Double jelly-removebg-preview.png,21|37,Very easy,1,is introduced
22,3,Lemonade_Lake_(Episode_3),Jelly,26,50000,: 22 : 18,Single jelly-removebg-preview (1).png|Double jelly-removebg-preview.png,22|18,Very easy,1,
23,3,Lemonade_Lake_(Episode_3),Jelly,25,60000,: 18 : 23,Single jelly-removebg-preview (1).png|Double jelly-removebg-preview.png,18|23,Very easy,1,First level to start with on the board
24,3,Lemonade_Lake_(Episode_3),Jelly,24,50000,: 66,Single jelly-removebg-preview (1).png,66,Very easy,1,
25,3,Lemonade_Lake_(Episode_3),Ingredients,22,70000,: 9,Gummi Dragon order.png,9,Very easy,1,
26,3,Lemonade_Lake_(Episode_3),Jelly,22,60000,: 18 : 41,Single jelly-removebg-preview (1).png|Double jelly-removebg-preview.png,18|41,Easy,2,
27,3,Lemonade_Lake_(Episode_3),Jelly,28,10000,: 30 : 3,Single jelly-removebg-preview (1).png|Double jelly-removebg-preview.png,30|3,Easy,2,"unlocked (formerly, Flash only)"
28,3,Lemonade_Lake_(Episode_3),Ingredients,28,10000,: 6,Gummi Dragon order.png,6,Very easy,1,is introduced
29,3,Lemonade_Lake_(Episode_3),Order,27,15000,: 21 : 90 : 90,Icing order new.png|Bluecandy order.png|Greencandy order.png,21|90|90,Very easy,1,unlocked
30,3,Lemonade_Lake_(Episode_3),Jelly,17,10000,: 12 : 30,Single jelly-removebg-preview (1).png|Double jelly-removebg-preview.png,12|30,Easy,2,
31,3,Lemonade_Lake_(Episode_3),Jelly,29,50000,: 28 : 28,Single jelly-removebg-preview (1).png|Double jelly-removebg-preview.png,28|28,Very easy,1,
32,3,Lemonade_Lake_(Episode_3),Ingredients,26,50000,: 5,Gummi Dragon order.png,5,Very easy,1,
33,3,Lemonade_Lake_(Episode_3),Order,29,22000,: 37,Icing order new.png,37,Very easy,1,
34,3,Lemonade_Lake_(Episode_3),Jelly,27,25000,: 38 : 24,Single jelly-removebg-preview (1).png|Double jelly-removebg-preview.png,38|24,Easy,2,
35,3,Lemonade_Lake_(Episode_3),Jelly,20,25000,: 5 : 46,Single jelly-removebg-preview (1).png|Double jelly-removebg-preview.png,5|46,Easy,2,unlockedWas the hardest level in the game upon first release
36,4,Chocolate_Mountains,Order,25,4200,: 42,Liquorice Swirl order.png,42,Very easy,1,is introduced
37,4,Chocolate_Mountains,Order,25,6200,: 58,Liquorice Swirl order.png,58,Very easy,1,
38,4,Chocolate_Mountains,Jelly,20,102000,: 21 : 29,Single jelly-removebg-preview (1).png|Double jelly-removebg-preview.png,21|29,Very easy,1,
39,4,Chocolate_Mountains,Jelly,25,20000,: 10,Double jelly-removebg-preview.png,10,,,is introduced is introduced Currently only level in the game to be rated none.
40,4,Chocolate_Mountains,Jelly,25,31000,: 22,Single jelly-removebg-preview (1).png,22,Very easy,1,
41,4,Chocolate_Mountains,Ingredients,27,70000,: 7,Gummi Dragon order.png,7,Very easy,1,
42,4,Chocolate_Mountains,Ingredients,25,31000,: 3,Gummi Dragon order.png,3,Somewhat easy,3,
43,4,Chocolate_Mountains,Jelly,28,10000,: 61 : 16,Single jelly-removebg-preview (1).png|Double jelly-removebg-preview.png,61|16,Somewhat easy,3,
44,4,Chocolate_Mountains,Order,25,30000,: 34,Multilayered frosting 2024 FTUE order.png,34,Very easy,1,
45,4,Chocolate_Mountains,Jelly,25,38000,: 38,Single jelly-removebg-preview (1).png,38,Very easy,1,
46,4,Chocolate_Mountains,Ingredients,28,30000,: 3,Gummi Dragon order.png,3,Hard,6,First level with unsettled candiesFirst version seen in PSY's Gentleman Music Video
47,4,Chocolate_Mountains,Order,25,30000,: 20,Jelly Fish order 2.png,20,Easy,2,
48,4,Chocolate_Mountains,Jelly,25,21000,: 11 : 5,Single jelly-removebg-preview (1).png|Double jelly-removebg-preview.png,11|5,Very easy,1,
49,4,Chocolate_Mountains,Jelly,25,109000,: 33 : 38,Single jelly-removebg-preview (1).png|Double jelly-removebg-preview.png,33|38,Easy,2,
50,4,Chocolate_Mountains,Jelly,24,222000,: 64,Double jelly-removebg-preview.png,64,Somewhat easy,3,Final level upon first release
51,5,Minty_Meadow_(Episode_5),Order,23,3900,: 39,Icing order new.png,39,Very easy,1,is introduced
52,5,Minty_Meadow_(Episode_5),Ingredients,22,30000,: 3,Gummi Dragon order.png,3,Easy,2,Sweet teeth booster formerly unlocked.
53,5,Minty_Meadow_(Episode_5),Jelly,20,130000,: 65,Single jelly-removebg-preview (1).png,65,Very easy,1,
54,5,Minty_Meadow_(Episode_5),Jelly,18,142000,: 71,Double jelly-removebg-preview.png,71,Very easy,1,
55,5,Minty_Meadow_(Episode_5),Order,25,8700,: 15 : 48 : 24,Striped2 (trans).png|Icing order new.png|Liquorice Swirl order.png,15|48|24,Somewhat easy,3,are introduced
56,5,Minty_Meadow_(Episode_5),Ingredients,24,30000,: 3,Gummi Dragon order.png,3,Somewhat easy,3,
57,5,Minty_Meadow_(Episode_5),Ingredients,26,90000,: 8,Gummi Dragon order.png,8,Medium,4,
58,5,Minty_Meadow_(Episode_5),Ingredients,25,30000,: 4,Gummi Dragon order.png,4,Very easy,1,
59,5,Minty_Meadow_(Episode_5),Jelly,27,134000,: 67,Double jelly-removebg-preview.png,67,Somewhat hard,5,
60,5,Minty_Meadow_(Episode_5),Order,30,5000,: 26 : 24,Liquorice Swirl order.png|Icing order new.png,26|24,Easy,2,
61,5,Minty_Meadow_(Episode_5),Jelly,26,132000,: 66,Double jelly-removebg-preview.png,66,Somewhat easy,3,is introduced
62,5,Minty_Meadow_(Episode_5),Order,22,9100,: 25 : 61,Striped2 (trans).png|Icing order new.png,25|61,Medium,4,
63,5,Minty_Meadow_(Episode_5),Jelly,28,108000,: 14 : 47,Single jelly-removebg-preview (1).png|Double jelly-removebg-preview.png,14|47,Easy,2,
64,5,Minty_Meadow_(Episode_5),Ingredients,27,160000,: 17,Gummi Dragon order.png,17,Somewhat easy,3,
65,5,Minty_Meadow_(Episode_5),Order,17,8300,: 77,Icing order new.png,77,Easy,2,is unofficially introduced;Was one of the hardest levels in the game before being nerfed.
66,6,Easter_Bunny_Hills,Jelly,30,92000,: 4 : 40,Single jelly-removebg-preview (1).png|Double jelly-removebg-preview.png,4|40,Very easy,1,is introduced;Former introduction of
67,6,Easter_Bunny_Hills,Ingredients,30,30000,: 3,Gummi Dragon order.png,3,Very easy,1,
68,6,Easter_Bunny_Hills,Jelly,28,94000,: 47,Double jelly-removebg-preview.png,47,Somewhat easy,3,
69,6,Easter_Bunny_Hills,Ingredients,26,10000,: 3,Gummi Dragon order.png,3,Very easy,1,is introduced
70,6,Easter_Bunny_Hills,Jelly,27,120000,: 60,Double jelly-removebg-preview.png,60,Easy,2,
71,6,Easter_Bunny_Hills,Order,25,2500,: 52,Multilayered frosting 2024 FTUE order.png,52,Somewhat easy,3,
72,6,Easter_Bunny_Hills,Jelly,25,114000,: 57,Double jelly-removebg-preview.png,57,Hard,6,
73,6,Easter_Bunny_Hills,Jelly,22,156000,: 26 : 39,Single jelly-removebg-preview (1).png|Double jelly-removebg-preview.png,26|39,Medium,4,
74,6,Easter_Bunny_Hills,Ingredients,24,30000,: 3,Gummi Dragon order.png,3,Somewhat easy,3,
75,6,Easter_Bunny_Hills,Jelly,27,84000,: 42,Double jelly-removebg-preview.png,42,Very easy,1,
76,6,Easter_Bunny_Hills,Ingredients,20,4000,: 1,Gummi Dragon order.png,1,Very easy,1,
77,6,Easter_Bunny_Hills,Ingredients,27,20000,: 2,Gummi Dragon order.png,2,Very easy,1,
78,6,Easter_Bunny_Hills,Jelly,30,114000,: 44,Double jelly-removebg-preview.png,44,Medium,4,
79,6,Easter_Bunny_Hills,Ingredients,25,40000,: 4,Gummi Dragon order.png,4,Easy,2,"This was considered the hardest level (before it was nerfed) of the episode, along with level 70."
80,6,Easter_Bunny_Hills,Order,24,2200,: 37 : 8,Multilayered frosting 2024 FTUE order.png|Liquorice Swirl order.png,37|8,Medium,4,
81,7,Bubblegum_Bridge,Ingredients,26,20000,: 2,Gummi Dragon order.png,2,Medium,4,is introduced
82,7,Bubblegum_Bridge,Order,24,10000,: 115,Icing order new.png,115,Somewhat hard,5,
83,7,Bubblegum_Bridge,Jelly,20,40000,: 37,Single jelly-removebg-preview (1).png,37,Somewhat easy,3,
84,7,Bubblegum_Bridge,Ingredients,21,50000,: 5,Gummi Dragon order.png,5,Medium,4,
85,7,Bubblegum_Bridge,Order,23,6000,: 41,Icing order new.png,41,Hard,6,is introduced
86,7,Bubblegum_Bridge,Jelly,23,75000,: 37,Double jelly-removebg-preview.png,37,Medium,4,
87,7,Bubblegum_Bridge,Order,20,5500,: 26 : 29,Icing order new.png|Liquorice Swirl order.png,26|29,Medium,4,
88,7,Bubblegum_Bridge,Jelly,23,120000,: 59,Double jelly-removebg-preview.png,59,Hard,6,
89,7,Bubblegum_Bridge,Ingredients,25,60000,: 6,Gummi Dragon order.png,6,Very easy,1,
90,7,Bubblegum_Bridge,Order,26,3000,: 24 : 175,Icing order new.png|Purplecandy order.png,24|175,Extremely hard,8,First level with an extremely hard difficulty
91,7,Bubblegum_Bridge,Jelly,23,100000,: 12 : 42,Single jelly-removebg-preview (1).png|Double jelly-removebg-preview.png,12|42,Easy,2,
92,7,Bubblegum_Bridge,Order,20,10000,: 38,Liquorice Swirl order.png,38,Somewhat easy,3,
93,7,Bubblegum_Bridge,Ingredients,20,40000,: 4,Gummi Dragon order.png,4,Easy,2,
94,7,Bubblegum_Bridge,Jelly,22,10000,: 38,Double jelly-removebg-preview.png,38,Very easy,1,
95,7,Bubblegum_Bridge,Order,25,50000,: 71 : 19,Icing order new.png|Liquorice Swirl order.png,71|19,Medium,4,
96,8,Salty_Canyon,Order,25,10000,: 9,Candy Bomb order 2.png,9,Easy,2,Introduction to and candy bomb order
97,8,Salty_Canyon,Jelly,30,72000,: 63,Single jelly-removebg-preview (1).png,63,Very easy,1,Bomb Cooler booster unlockedThe level was shaped like a candy bomb.
98,8,Salty_Canyon,Order,30,20500,: 21 : 16,Candy Bomb order 2.png|Striped2 (trans).png,21|16,Easy,2,
99,8,Salty_Canyon,Jelly,25,114000,: 23 : 46,Single jelly-removebg-preview (1).png|Double jelly-removebg-preview.png,23|46,Easy,2,
100,8,Salty_Canyon,Ingredients,28,30000,: 3,Gummi Dragon order.png,3,Somewhat easy,3,The 1st milestone level in Reality
101,8,Salty_Canyon,Order,25,30000,: 28,Liquorice Swirl order.png,28,Very easy,1,
102,8,Salty_Canyon,Ingredients,30,10000,: 1,Gummi Dragon order.png,1,Very easy,1,
103,8,Salty_Canyon,Jelly,18,80000,: 40,Double jelly-removebg-preview.png,40,Somewhat easy,3,Similar to level 2359
104,8,Salty_Canyon,Order,25,50000,: 5,Jelly Fish order 2.png,5,Easy,2,is unofficially introduced
105,8,Salty_Canyon,Jelly,30,124000,: 62,Double jelly-removebg-preview.png,62,Medium,4,
106,8,Salty_Canyon,Ingredients,28,30000,: 1,Gummi Dragon order.png,1,Easy,2,
107,8,Salty_Canyon,Jelly,28,132000,: 2 : 66,Single jelly-removebg-preview (1).png|Double jelly-removebg-preview.png,2|66,Very hard,7,
108,8,Salty_Canyon,Order,20,2800,: 28,Liquorice Swirl order.png,28,Somewhat easy,3,
109,8,Salty_Canyon,Ingredients,30,240000,: 24,Gummi Dragon order.png,24,Very easy,1,
110,8,Salty_Canyon,Jelly,30,140000,: 70,Double jelly-removebg-preview.png,70,Somewhat hard,5,
111,9,Peppermint_Palace,Jelly,25,10000,: 23 : 24,Single jelly-removebg-preview (1).png|Double jelly-removebg-preview.png,23|24,Very easy,1,is introduced
112,9,Peppermint_Palace,Order,28,10000,: 80 : 20,Bluecandy order.png|Candy Bomb order 2.png,80|20,Easy,2,
113,9,Peppermint_Palace,Order,25,10000,: 30 : 50,Liquorice Swirl order.png|Candy Bomb order 2.png,30|50,Easy,2,
114,9,Peppermint_Palace,Ingredients,28,10000,: 3,Gummi Dragon order.png,3,Medium,4,
115,9,Peppermint_Palace,Order,30,10000,: 45 : 25,Icing order new.png|Liquorice Swirl order.png,45|25,Somewhat easy,3,
116,9,Peppermint_Palace,Jelly,24,10000,: 43 : 12,Single jelly-removebg-preview (1).png|Double jelly-removebg-preview.png,43|12,Very easy,1,
117,9,Peppermint_Palace,Ingredients,25,10000,: 5,Gummi Dragon order.png,5,Medium,4,
118,9,Peppermint_Palace,Order,28,10000,: 30 : 52,Liquorice Swirl order.png|Icing order new.png,30|52,Easy,2,
119,9,Peppermint_Palace,Jelly,26,10000,: 22 : 34,Single jelly-removebg-preview (1).png|Double jelly-removebg-preview.png,22|34,Somewhat hard,5,
120,9,Peppermint_Palace,Ingredients,27,10000,: 6,Gummi Dragon order.png,6,Somewhat hard,5,
121,9,Peppermint_Palace,Order,27,10000,: 42 : 16 : 20,Icing order new.png|Liquorice Swirl order.png|Candy Bomb order 2.png,42|16|20,Somewhat easy,3,
122,9,Peppermint_Palace,Ingredients,25,10000,: 2,Gummi Dragon order.png,2,Very easy,1,
123,9,Peppermint_Palace,Jelly,24,10000,: 18 : 37,Single jelly-removebg-preview (1).png|Double jelly-removebg-preview.png,18|37,Hard,6,
124,9,Peppermint_Palace,Order,23,10000,: 20 : 80 : 80,Candy Bomb order 2.png|Greencandy order.png|Bluecandy order.png,20|80|80,Somewhat hard,5,
125,9,Peppermint_Palace,Ingredients,24,52000,: 5,Gummi Dragon order.png,5,Hard,6,
126,10,Wafer_Wharf,Jelly,30,86000,: 43,Double jelly-removebg-preview.png,43,Very easy,1,is officially introduced Formerly first level
127,10,Wafer_Wharf,Ingredients,20,40000,: 4,Gummi Dragon order.png,4,Easy,2,
128,10,Wafer_Wharf,Order,27,7600,: 18 : 46 : 9,Yellowcandy order.png|Icing order new.png|Liquorice Swirl order.png,18|46|9,Somewhat hard,5,
129,10,Wafer_Wharf,Jelly,30,114000,: 12 : 45,Single jelly-removebg-preview (1).png|Double jelly-removebg-preview.png,12|45,Medium,4,
130,10,Wafer_Wharf,Ingredients,21,180000,: 18,Gummi Dragon order.png,18,Somewhat easy,3,
131,10,Wafer_Wharf,Jelly,21,57000,: 27 : 15,Single jelly-removebg-preview (1).png|Double jelly-removebg-preview.png,27|15,Medium,4,Lucky Candy booster unlocked
132,10,Wafer_Wharf,Order,25,18900,: 9 : 80 : 80,Candy Bomb order 2.png|Bluecandy order.png|Greencandy order.png,9|80|80,Very hard,7,Formerly the seventh and final in a row
133,10,Wafer_Wharf,Jelly,25,90000,: 45,Double jelly-removebg-preview.png,45,Easy,2,is introduced
134,10,Wafer_Wharf,Order,24,13500,: 50 : 55 : 55,Liquorice Swirl order.png|Orangecandy order.png|Purplecandy order.png,50|55|55,Somewhat easy,3,
135,10,Wafer_Wharf,Ingredients,27,40000,: 4,Gummi Dragon order.png,4,Easy,2,
136,10,Wafer_Wharf,Order,25,16500,: 18 : 120 : 22,Candy Bomb order 2.png|Bluecandy order.png|Liquorice Swirl order.png,18|120|22,Medium,4,
137,10,Wafer_Wharf,Jelly,30,100000,: 21 : 36,Single jelly-removebg-preview (1).png|Double jelly-removebg-preview.png,21|36,Somewhat hard,5,
138,10,Wafer_Wharf,Ingredients,27,90000,: 9,Gummi Dragon order.png,9,Somewhat easy,3,
139,10,Wafer_Wharf,Jelly,26,90000,: 45,Double jelly-removebg-preview.png,45,Somewhat hard,5,
140,10,Wafer_Wharf,Order,20,4800,: 64,Icing order new.png,64,Very hard,7,
141,11,Gingerbread_Glade,Jelly,30,81000,: 81,Single jelly-removebg-preview (1).png,81,Very easy,1,is introduced
142,11,Gingerbread_Glade,Ingredients,27,100000,: 10,Gummi Dragon order.png,10,Very easy,1,"Used to be part of the alphabetical level type series, I is for ingredients"
143,11,Gingerbread_Glade,Jelly,30,68000,: 36 : 16,Single jelly-removebg-preview (1).png|Double jelly-removebg-preview.png,36|16,Easy,2,"Used to be part of the alphabetical level type series, J is for jelly"
144,11,Gingerbread_Glade,Order,28,12900,: 121,Icing order new.png,121,Extremely hard,8,"Was once the final in Reality until Cereal Sea was released.Formerly part of the alphabetical level type series, M is fo"
145,11,Gingerbread_Glade,Jelly,30,10000,: 14,Single jelly-removebg-preview (1).png,14,Easy,2,"Formerly part of the alphabetical level type series, T is for timed"
146,11,Gingerbread_Glade,Ingredients,28,250000,: 25,Gummi Dragon order.png,25,Medium,4,
147,11,Gingerbread_Glade,Order,24,7500,: 50,Icing order new.png,50,Very hard,7,"Known as the hardest level, but it was nerfed"
148,11,Gingerbread_Glade,Ingredients,27,100000,: 10,Gummi Dragon order.png,10,Hard,6,
149,11,Gingerbread_Glade,Jelly,26,73000,: 73,Single jelly-removebg-preview (1).png,73,Extremely hard,8,
150,11,Gingerbread_Glade,Order,32,2200,: 28,Liquorice Swirl order.png,28,Very easy,1,
151,11,Gingerbread_Glade,Jelly,30,72000,: 72,Single jelly-removebg-preview (1).png,72,Somewhat easy,3,is introduced
152,11,Gingerbread_Glade,Order,24,7800,: 78,Icing order new.png,78,Easy,2,
153,11,Gingerbread_Glade,Ingredients,30,20000,: 2,Gummi Dragon order.png,2,Hard,6,
154,11,Gingerbread_Glade,Ingredients,30,50000,: 5,Gummi Dragon order.png,5,Hard,6,
155,11,Gingerbread_Glade,Jelly,30,140000,: 70,Double jelly-removebg-preview.png,70,Very hard,7,
156,12,Pastille_Pyramid,Order,30,16800,: 168,Icing order new.png,168,Very easy,1,Former introduction to - Bubblegum Troll booster unlocked. is introduced
157,12,Pastille_Pyramid,Jelly,32,130000,: 65,Double jelly-removebg-preview.png,65,Medium,4,
158,12,Pastille_Pyramid,Ingredients,35,20000,: 2,Gummi Dragon order.png,2,Somewhat easy,3,
159,12,Pastille_Pyramid,Order,22,10000,: 52,Icing order new.png,52,Somewhat easy,3,
160,12,Pastille_Pyramid,Jelly,27,100000,: 48,Double jelly-removebg-preview.png,48,Medium,4,
161,12,Pastille_Pyramid,Ingredients,26,10000,: 1,Gummi Dragon order.png,1,Variable,,
162,12,Pastille_Pyramid,Order,28,7500,: 7,Candy Bomb order 2.png,7,Very easy,1,
163,12,Pastille_Pyramid,Order,30,20000,: 83 : 12 : 7,Icing order new.png|Liquorice Swirl order.png|Chocolate order.png,83|12|7,Somewhat hard,5,
164,12,Pastille_Pyramid,Ingredients,30,110000,: 11,Gummi Dragon order.png,11,Medium,4,
165,12,Pastille_Pyramid,Order,25,5000,: 11,Chocolate order.png,11,Somewhat easy,3,"Used to be one of the hardest levels in the game, but got heavily nerfed."
166,12,Pastille_Pyramid,Jelly,30,114000,: 57,Double jelly-removebg-preview.png,57,Extremely hard,8,
167,12,Pastille_Pyramid,Jelly,18,80000,: 15,Double jelly-removebg-preview.png,15,Hard,6,"Used to be one of the hardest levels in the game, but got heavily nerfed."
168,12,Pastille_Pyramid,Order,30,3000,: 8 : 8 : 8,Chocolate order.png|Candy Bomb order 2.png|Yellowcandy order.png,8|8|8,Very easy,1,is introduced is introduced
169,12,Pastille_Pyramid,Jelly,25,88000,: 6 : 51,Single jelly-removebg-preview (1).png|Double jelly-removebg-preview.png,6|51,Extremely hard,8,
170,12,Pastille_Pyramid,Ingredients,25,140000,: 14,Gummi Dragon order.png,14,Medium,4,
171,13,Cupcake_Circus,Ingredients,30,30000,: 3,Gummi Dragon order.png,3,Very easy,1,is introduced;Former introduction of
172,13,Cupcake_Circus,Order,30,10000,: 28 : 15,Liquorice Swirl order.png|Multilayered frosting 2024 FTUE order.png,28|15,Very easy,1,Formerly first level to have only one jelly square
173,13,Cupcake_Circus,Jelly,27,74000,: 20 : 49,Single jelly-removebg-preview (1).png|Double jelly-removebg-preview.png,20|49,Somewhat easy,3,
174,13,Cupcake_Circus,Order,28,30000,: 67 : 19,Multilayered frosting 2024 FTUE order.png|Liquorice Swirl order.png,67|19,Medium,4,
175,13,Cupcake_Circus,Jelly,28,75000,: 65,Double jelly-removebg-preview.png,65,Medium,4,
176,13,Cupcake_Circus,Ingredients,30,30000,: 7,Gummi Dragon order.png,7,Very easy,1,
177,13,Cupcake_Circus,Order,30,5000,: 12 : 20,Chocolate order.png|Liquorice Swirl order.png,12|20,Somewhat easy,3,
178,13,Cupcake_Circus,Jelly,27,75000,: 53,Double jelly-removebg-preview.png,53,Somewhat easy,3,
179,13,Cupcake_Circus,Order,28,20000,: 15 : 120,Chocolate order.png|Multilayered frosting 2024 FTUE order.png,15|120,Very hard,7,
180,13,Cupcake_Circus,Ingredients,23,25000,: 4,Gummi Dragon order.png,4,Hard,6,
181,13,Cupcake_Circus,Jelly,30,126000,: 63,Double jelly-removebg-preview.png,63,Extremely hard,8,
182,13,Cupcake_Circus,Order,24,10000,: 36 : 10,Liquorice Swirl order.png|Redcandy order.png,36|10,Very easy,1,
183,13,Cupcake_Circus,Ingredients,29,100000,: 10,Gummi Dragon order.png,10,Extremely hard,8,
184,13,Cupcake_Circus,Order,19,5000,: 40 : 29 : 24,Orangecandy order.png|Liquorice Swirl order.png|Multilayered frosting 2024 FTUE order.png,40|29|24,Medium,4,Used to be the final level of Hell's Cluster
185,13,Cupcake_Circus,Jelly,27,60000,: 71,Single jelly-removebg-preview (1).png,71,Somewhat easy,3,
186,14,Caramel_Cove,Jelly,25,70000,: 16 : 35,Single jelly-removebg-preview (1).png|Double jelly-removebg-preview.png,16|35,Very easy,1,is introduced
187,14,Caramel_Cove,Order,25,25000,: 13,Chocolate order.png,13,Easy,2,
188,14,Caramel_Cove,Ingredients,25,50000,: 5,Gummi Dragon order.png,5,Medium,4,
189,14,Caramel_Cove,Order,30,5300,: 71 : 25,Multilayered frosting 2024 FTUE order.png|Chocolate order.png,71|25,Very easy,1,
190,14,Caramel_Cove,Jelly,27,98000,: 49,Double jelly-removebg-preview.png,49,Hard,6,
191,14,Caramel_Cove,Order,22,6000,: 9 : 15 : 36,Chocolate order.png|Wrapped2 (trans).png|Multilayered frosting 2024 FTUE order.png,9|15|36,Easy,2,
192,14,Caramel_Cove,Jelly,30,104000,: 49,Double jelly-removebg-preview.png,49,Hard,6,Used to not spawn any candies
193,14,Caramel_Cove,Jelly,25,130000,: 65,Double jelly-removebg-preview.png,65,Easy,2,
194,14,Caramel_Cove,Ingredients,23,40000,: 4,Gummi Dragon order.png,4,Very easy,1,
195,14,Caramel_Cove,Jelly,30,72000,: 49 : 3,Single jelly-removebg-preview (1).png|Double jelly-removebg-preview.png,49|3,Very hard,7,
196,14,Caramel_Cove,Order,30,50000,: 24 : 56 : 20,Chocolate order.png|Multilayered frosting 2024 FTUE order.png|Wrapped2 (trans).png,24|56|20,Very easy,1,
197,14,Caramel_Cove,Jelly,22,96000,: 48,Double jelly-removebg-preview.png,48,Very hard,7,
198,14,Caramel_Cove,Ingredients,22,50000,: 4,Gummi Dragon order.png,4,Easy,2,
199,14,Caramel_Cove,Order,30,15000,: 150,Chocolate order.png,150,Very easy,1,
200,14,Caramel_Cove,Jelly,30,84000,: 42,Double jelly-removebg-preview.png,42,Very hard,7,Inspiration of Sweet Surprise. The 2nd milestone level in Reality
201,15,Sweet_Surprise,Jelly,18,50000,: 69,Double jelly-removebg-preview.png,69,Easy,2,
202,15,Sweet_Surprise,Order,17,7900,: 34 : 11,Multilayered frosting 2024 FTUE order.png|Chocolate order.png,34|11,Somewhat hard,5,
203,15,Sweet_Surprise,Ingredients,15,40000,: 4,Gummi Dragon order.png,4,Very easy,1,
204,15,Sweet_Surprise,Jelly,24,102000,: 53,Double jelly-removebg-preview.png,53,Somewhat easy,3,
205,15,Sweet_Surprise,Order,22,10000,: 30 : 80 : 10,Liquorice Swirl order.png|Multilayered frosting 2024 FTUE order.png|Chocolate order.png,30|80|10,Nearly impossible,9,
206,15,Sweet_Surprise,Ingredients,15,50000,: 10,Gummi Dragon order.png,10,Very easy,1,
207,15,Sweet_Surprise,Jelly,18,25000,: 49,Double jelly-removebg-preview.png,49,Very hard,7,
208,15,Sweet_Surprise,Order,18,25000,: 64,Liquorice Swirl order.png,64,Very easy,1,
209,15,Sweet_Surprise,Ingredients,20,50000,: 9,Gummi Dragon order.png,9,Easy,2,
210,15,Sweet_Surprise,Jelly,21,50000,: 63,Double jelly-removebg-preview.png,63,Very hard,7,
211,15,Sweet_Surprise,Order,15,11500,: 55 : 10,Multilayered frosting 2024 FTUE order.png|Wrapped2 (trans).png,55|10,Somewhat easy,3,
212,15,Sweet_Surprise,Ingredients,20,30000,: 3,Gummi Dragon order.png,3,Medium,4,
213,15,Sweet_Surprise,Jelly,15,90000,: 54,Double jelly-removebg-preview.png,54,Easy,2,Was one of the hardest levels in the game until it was nerfed
214,15,Sweet_Surprise,Order,18,75000,: 162 : 162 : 162,Multilayered frosting 2024 FTUE order.png|Bluecandy order.png|Purplecandy order.png,162|162|162,Very hard,7,
215,15,Sweet_Surprise,Ingredients,24,25000,: 4,Gummi Dragon order.png,4,Medium,4,
216,16,Crunchy_Castle,Mixed,20,50000,: 12 : 24 : 45,Single jelly-removebg-preview (1).png|Double jelly-removebg-preview.png|Multilayered frosting 2024 FTUE order.png,12|24|45,Very easy,1,Former introduction of candy cannonsUnofficially the first mixed mode level due to redesigning
217,16,Crunchy_Castle,Mixed,18,120000,: 35 : 26 : 26 : 20,Single jelly-removebg-preview (1).png|Double jelly-removebg-preview.png|Multilayered frosting 2024 FTUE order.png|Chocolate order.png,35|26|26|20,Easy,2,
218,16,Crunchy_Castle,Ingredients,16,25000,: 9,Gummi Dragon order.png,9,Very easy,1,
219,16,Crunchy_Castle,Mixed,17,100000,: 63 : 13,Double jelly-removebg-preview.png|Chocolate order.png,63|13,Medium,4,
220,16,Crunchy_Castle,Jelly,21,122000,: 65,Double jelly-removebg-preview.png,65,Extremely hard,8,
221,16,Crunchy_Castle,Order,28,5000,: 18 : 25,Candy Bomb order 2.png|Liquorice Swirl order.png,18|25,Somewhat hard,5,
222,16,Crunchy_Castle,Ingredients,20,20000,: 2,Gummi Dragon order.png,2,Medium,4,
223,16,Crunchy_Castle,Mixed,20,120000,: 58 : 40,Double jelly-removebg-preview.png|Liquorice Swirl order.png,58|40,Somewhat easy,3,
224,16,Crunchy_Castle,Jelly,21,128000,: 64,Double jelly-removebg-preview.png,64,Somewhat hard,5,
225,16,Crunchy_Castle,Order,17,10000,: 70 : 22 : 22,Multilayered frosting 2024 FTUE order.png|Liquorice Swirl order.png|Chocolate order.png,70|22|22,Extremely hard,8,
226,16,Crunchy_Castle,Ingredients,18,50000,: 9,Gummi Dragon order.png,9,Hard,6,
227,16,Crunchy_Castle,Mixed,22,50000,: 32 : 46 : 46,Double jelly-removebg-preview.png|Multilayered frosting 2024 FTUE order.png|Liquorice Swirl order.png,32|46|46,Hard,6,
228,16,Crunchy_Castle,Jelly,17,50000,: 54,Double jelly-removebg-preview.png,54,Hard,6,
229,16,Crunchy_Castle,Ingredients,20,20000,: 2,Gummi Dragon order.png,2,Somewhat easy,3,
230,16,Crunchy_Castle,Order,25,15000,: 90 : 20,Multilayered frosting 2024 FTUE order.png|Liquorice Swirl order.png,90|20,Hard,6,
231,17,Chocolate_Barn,Jelly,21,132000,: 68,Double jelly-removebg-preview.png,68,Medium,4,Former introduction of
232,17,Chocolate_Barn,Order,22,40000,: 14 : 24,Liquorice Swirl order.png|Chocolate order.png,14|24,Somewhat easy,3,
233,17,Chocolate_Barn,Ingredients,15,50000,: 7,Gummi Dragon order.png,7,Very easy,1,
234,17,Chocolate_Barn,Order,19,5700,: 3 : 32 : 4,Color bomb (trans).png|Multilayered frosting 2024 FTUE order.png|Chocolate order.png,3|32|4,Hard,6,
235,17,Chocolate_Barn,Jelly,21,100000,: 72,Double jelly-removebg-preview.png,72,Very hard,7,
236,17,Chocolate_Barn,Order,15,2000,: 34,Liquorice Swirl order.png,34,Very easy,1,
237,17,Chocolate_Barn,Ingredients,24,50000,: 36,Gummi Dragon order.png,36,Very easy,1,
238,17,Chocolate_Barn,Mixed,15,50000,: 55 : 20,Double jelly-removebg-preview.png|Liquorice Swirl order.png,55|20,Easy,2,
239,17,Chocolate_Barn,Jelly,23,100000,: 73,Double jelly-removebg-preview.png,73,Somewhat hard,5,
240,17,Chocolate_Barn,Order,16,20000,: 114,Multilayered frosting 2024 FTUE order.png,114,Extremely hard,8,
241,17,Chocolate_Barn,Ingredients,24,70000,: 7,Gummi Dragon order.png,7,Medium,4,
242,17,Chocolate_Barn,Mixed,26,70000,: 35 : 40,Double jelly-removebg-preview.png|Multilayered frosting 2024 FTUE order.png,35|40,Very easy,1,
243,17,Chocolate_Barn,Jelly,20,50000,: 43,Double jelly-removebg-preview.png,43,Somewhat hard,5,
244,17,Chocolate_Barn,Ingredients,16,10000,: 6,Gummi Dragon order.png,6,Easy,2,
245,17,Chocolate_Barn,Order,19,8300,: 63 : 13 : 11,Multilayered frosting 2024 FTUE order.png|Chocolate order.png|Liquorice Swirl order.png,63|13|11,Very hard,7,
246,18,Delicious_Drifts,Mixed,20,50000,: 59 : 13,Double jelly-removebg-preview.png|Jelly Fish order 2.png,59|13,Somewhat easy,3,
247,18,Delicious_Drifts,Jelly,22,50000,: 58,Double jelly-removebg-preview.png,58,Somewhat hard,5,
248,18,Delicious_Drifts,Ingredients,19,20000,: 11,Gummi Dragon order.png,11,Somewhat hard,5,
249,18,Delicious_Drifts,Order,20,4000,: 96,Icing order new.png,96,Medium,4,
250,18,Delicious_Drifts,Mixed,22,100000,: 73 : 91,Double jelly-removebg-preview.png|Icing order new.png,73|91,Extremely hard,8,
251,18,Delicious_Drifts,Jelly,16,20000,: 32,Double jelly-removebg-preview.png,32,Very easy,1,
252,18,Delicious_Drifts,Ingredients,22,180000,: 25,Gummi Dragon order.png,25,Somewhat hard,5,"Used to be possible to be played forever, millions of points could be achievedIt was a timed level with only four colour"
253,18,Delicious_Drifts,Mixed,15,122800,: 32 : 37 : 72,Single jelly-removebg-preview (1).png|Double jelly-removebg-preview.png|Icing order new.png,32|37|72,Somewhat easy,3,
254,18,Delicious_Drifts,Jelly,17,88000,: 57,Double jelly-removebg-preview.png,57,Very hard,7,
255,18,Delicious_Drifts,Mixed,16,120000,: 24 : 45 : 105,Single jelly-removebg-preview (1).png|Double jelly-removebg-preview.png|Icing order new.png,24|45|105,Nearly impossible,9,
256,18,Delicious_Drifts,Jelly,15,115000,: 7 : 54,Single jelly-removebg-preview (1).png|Double jelly-removebg-preview.png,7|54,Somewhat easy,3,
257,18,Delicious_Drifts,Ingredients,19,50000,: 6,Gummi Dragon order.png,6,Easy,2,
258,18,Delicious_Drifts,Order,15,2000,: 24,Chocolate order.png,24,Very easy,1,
259,18,Delicious_Drifts,Jelly,18,50000,: 16 : 21,Single jelly-removebg-preview (1).png|Double jelly-removebg-preview.png,16|21,Hard,6,
260,18,Delicious_Drifts,Mixed,16,90000,: 62 : 107,Double jelly-removebg-preview.png|Icing order new.png,62|107,Very hard,7,
261,19,Holiday_Hut,Order,15,6300,: 14 : 65,Bubblegum Pop order.png|Icing order new.png,14|65,Very easy,1,Former introduction of ; now unofficial introduction of
262,19,Holiday_Hut,Jelly,23,100000,: 17 : 56,Single jelly-removebg-preview (1).png|Double jelly-removebg-preview.png,17|56,Medium,4,
263,19,Holiday_Hut,Ingredients,19,25000,: 6,Gummi Dragon order.png,6,Somewhat easy,3,
264,19,Holiday_Hut,Mixed,19,60000,: 54 : 7,Double jelly-removebg-preview.png|Jelly Fish order 2.png,54|7,Somewhat hard,5,
265,19,Holiday_Hut,Jelly,21,106000,: 53,Double jelly-removebg-preview.png,53,Very hard,7,100th level
266,19,Holiday_Hut,Ingredients,21,25000,: 4,Gummi Dragon order.png,4,Hard,6,Unofficially the first level with custom bomb value
267,19,Holiday_Hut,Order,17,40000,: 26 : 45,Bubblegum Pop order.png|Liquorice Swirl order.png,26|45,Somewhat hard,5,
268,19,Holiday_Hut,Jelly,16,50000,: 3 : 58,Single jelly-removebg-preview (1).png|Double jelly-removebg-preview.png,3|58,Hard,6,
269,19,Holiday_Hut,Mixed,23,123600,: 16 : 53 : 20,Single jelly-removebg-preview (1).png|Double jelly-removebg-preview.png|Wrapped2 (trans).png,16|53|20,Hard,6,
270,19,Holiday_Hut,Order,19,13200,: 90 : 90,Icing order new.png|Bluecandy order.png,90|90,Extremely hard,8,
271,19,Holiday_Hut,Ingredients,17,20000,: 6,Gummi Dragon order.png,6,Easy,2,
272,19,Holiday_Hut,Jelly,18,70000,: 49,Double jelly-removebg-preview.png,49,Medium,4,
273,19,Holiday_Hut,Order,19,5800,: 12 : 46,Bubblegum Pop order.png|Icing order new.png,12|46,Somewhat hard,5,
274,19,Holiday_Hut,Mixed,25,50000,: 45 : 110,Double jelly-removebg-preview.png|Liquorice Swirl order.png,45|110,Somewhat easy,3,
275,19,Holiday_Hut,Jelly,20,50000,: 77,Double jelly-removebg-preview.png,77,Very hard,7,
276,20,Candy_Clouds_(Episode_20),Order,20,10000,: 80 : 40,Bubblegum Pop order.png|Liquorice Swirl order.png,80|40,Easy,2,Former introduction of ; now unofficial introduction of
277,20,Candy_Clouds_(Episode_20),Jelly,21,50000,: 65,Double jelly-removebg-preview.png,65,Medium,4,
278,20,Candy_Clouds_(Episode_20),Ingredients,16,70000,: 7,Gummi Dragon order.png,7,Hard,6,
279,20,Candy_Clouds_(Episode_20),Mixed,20,113900,: 57 : 75,Double jelly-removebg-preview.png|Bubblegum Pop order.png,57|75,Somewhat hard,5,
280,20,Candy_Clouds_(Episode_20),Jelly,25,110000,: 74,Double jelly-removebg-preview.png,74,Medium,4,
281,20,Candy_Clouds_(Episode_20),Order,17,10000,: 19 : 19,Liquorice Swirl order.png|Icing order new.png,19|19,Somewhat easy,3,Unofficial introduction of
282,20,Candy_Clouds_(Episode_20),Ingredients,16,50000,: 10,Gummi Dragon order.png,10,Somewhat hard,5,
283,20,Candy_Clouds_(Episode_20),Mixed,15,59400,: 54 : 50,Single jelly-removebg-preview (1).png|Icing order new.png,54|50,Hard,6,
284,20,Candy_Clouds_(Episode_20),Jelly,16,110000,: 59,Double jelly-removebg-preview.png,59,Extremely hard,8,
285,20,Candy_Clouds_(Episode_20),Order,20,12100,: 48,Icing order new.png,48,Somewhat hard,5,
286,20,Candy_Clouds_(Episode_20),Ingredients,20,10000,: 4,Gummi Dragon order.png,4,Hard,6,
287,20,Candy_Clouds_(Episode_20),Mixed,23,75000,: 12 : 52 : 8,Single jelly-removebg-preview (1).png|Double jelly-removebg-preview.png|Jelly Fish order 2.png,12|52|8,Hard,6,
288,20,Candy_Clouds_(Episode_20),Order,15,17000,: 30 : 30,Liquorice Swirl order.png|Bubblegum Pop order.png,30|30,Easy,2,
289,20,Candy_Clouds_(Episode_20),Ingredients,21,70000,: 8,Gummi Dragon order.png,8,Somewhat hard,5,
290,20,Candy_Clouds_(Episode_20),Jelly,25,50000,: 81,Double jelly-removebg-preview.png,81,Nearly impossible,9,Last Reality level that was released in 2012
291,21,Jelly_Jungle,Order,15,10000,: 83,Bubblegum Pop order.png,83,Very easy,1,First Reality level that was released in 2013Unofficial introduction of
292,21,Jelly_Jungle,Jelly,22,100000,: 33 : 40,Single jelly-removebg-preview (1).png|Double jelly-removebg-preview.png,33|40,Easy,2,
293,21,Jelly_Jungle,Ingredients,16,50000,: 5,Gummi Dragon order.png,5,Somewhat easy,3,
294,21,Jelly_Jungle,Mixed,25,136500,: 58 : 65,Double jelly-removebg-preview.png|Liquorice Swirl order.png,58|65,Extremely hard,8,
295,21,Jelly_Jungle,Order,18,50000,: 75 : 15,Multilayered frosting 2024 FTUE order.png|Bubblegum Pop order.png,75|15,Very hard,7,
296,21,Jelly_Jungle,Ingredients,21,60000,: 6,Gummi Dragon order.png,6,Medium,4,
297,21,Jelly_Jungle,Jelly,19,80000,: 57,Double jelly-removebg-preview.png,57,Hard,6,
298,21,Jelly_Jungle,Order,19,5000,: 35 : 35,Chocolate order.png|Bubblegum Pop order.png,35|35,Somewhat hard,5,
299,21,Jelly_Jungle,Mixed,26,50000,: 42 : 40,Double jelly-removebg-preview.png|Liquorice Swirl order.png,42|40,Easy,2,
300,21,Jelly_Jungle,Jelly,23,50000,: 81,Double jelly-removebg-preview.png,81,Nearly impossible,9,The 3rd milestone level in Reality
301,21,Jelly_Jungle,Ingredients,22,510000,: 51,Gummi Dragon order.png,51,Somewhat easy,3,"The level with the most ingredients needed, 51."
302,21,Jelly_Jungle,Order,20,15400,: 145,Bubblegum Pop order.png,145,Hard,6,
303,21,Jelly_Jungle,Jelly,20,50000,: 61,Double jelly-removebg-preview.png,61,Hard,6,
304,21,Jelly_Jungle,Order,21,5000,: 24 : 24,Liquorice Swirl order.png|Chocolate order.png,24|24,Medium,4,
305,21,Jelly_Jungle,Mixed,15,131000,: 60 : 76 : 50,Double jelly-removebg-preview.png|Multilayered frosting 2024 FTUE order.png|Bubblegum Pop order.png,60|76|50,Nearly impossible,9,Used to be one of the hardest levels in World 4 (Flash)
306,22,Savory_Shores,Ingredients,15,20000,: 2,Gummi Dragon order.png,2,Very easy,1,Former introduction of
307,22,Savory_Shores,Jelly,22,125000,: 5 : 60,Single jelly-removebg-preview (1).png|Double jelly-removebg-preview.png,5|60,Easy,2,
308,22,Savory_Shores,Jelly,27,81000,: 19 : 31,Single jelly-removebg-preview (1).png|Double jelly-removebg-preview.png,19|31,Easy,2,
309,22,Savory_Shores,Mixed,19,112000,: 50 : 142,Double jelly-removebg-preview.png|Icing order new.png,50|142,Very hard,7,
310,22,Savory_Shores,Order,17,9700,: 80 : 28,Icing order new.png|Liquorice Swirl order.png,80|28,Nearly impossible,9,
311,22,Savory_Shores,Jelly,20,76000,: 4 : 36,Single jelly-removebg-preview (1).png|Double jelly-removebg-preview.png,4|36,Somewhat easy,3,Considered the hardest level in the entire game until it was nerfed
312,22,Savory_Shores,Mixed,21,117000,: 54 : 85 : 43,Double jelly-removebg-preview.png|Icing order new.png|Bubblegum Pop order.png,54|85|43,Hard,6,
313,22,Savory_Shores,Ingredients,26,60000,: 16,Gummi Dragon order.png,16,Somewhat hard,5,
314,22,Savory_Shores,Order,19,50000,: 100,Bubblegum Pop order.png,100,Medium,4,Formerly a near-exact replica of level 67
315,22,Savory_Shores,Jelly,16,126000,: 4 : 61,Single jelly-removebg-preview (1).png|Double jelly-removebg-preview.png,4|61,Very hard,7,
316,22,Savory_Shores,Mixed,15,25000,: 53 : 28,Double jelly-removebg-preview.png|Liquorice Swirl order.png,53|28,Hard,6,This level used to have a bug and was reported to King
317,22,Savory_Shores,Order,28,70000,: 90 : 35,Icing order new.png|Liquorice Swirl order.png,90|35,Somewhat hard,5,
318,22,Savory_Shores,Ingredients,19,20000,: 4,Gummi Dragon order.png,4,Medium,4,
319,22,Savory_Shores,Jelly,22,136000,: 68,Double jelly-removebg-preview.png,68,Very easy,1,
320,22,Savory_Shores,Order,20,30000,: 80 : 100,Icing order new.png|Bubblegum Pop order.png,80|100,Extremely hard,8,Almost an exact replica of level 65
321,23,Munchy_Monolith,Ingredients,21,100000,: 25,Gummi Dragon order.png,25,Easy,2,
322,23,Munchy_Monolith,Jelly,21,120000,: 72,Double jelly-removebg-preview.png,72,Very hard,7,
323,23,Munchy_Monolith,Order,15,1300,: 16,Yellowcandy order.png,16,Somewhat hard,5,100th level
324,23,Munchy_Monolith,Mixed,18,103000,: 64 : 14,Icing order new.png|Liquorice Swirl order.png,64|14,Hard,6,
325,23,Munchy_Monolith,Jelly,19,144000,: 72,Double jelly-removebg-preview.png,72,Extremely hard,8,
326,23,Munchy_Monolith,Ingredients,17,60000,: 6,Gummi Dragon order.png,6,Medium,4,
327,23,Munchy_Monolith,Order,23,10000,: 22 : 24,Liquorice Swirl order.png|Bubblegum Pop order.png,22|24,Somewhat easy,3,
328,23,Munchy_Monolith,Mixed,15,50000,: 51 : 50,Double jelly-removebg-preview.png|Orangecandy order.png,51|50,Hard,6,
329,23,Munchy_Monolith,Jelly,18,122000,: 61,Double jelly-removebg-preview.png,61,Hard,6,
330,23,Munchy_Monolith,Order,15,9500,: 117 : 135,Icing order new.png|Bubblegum Pop order.png,117|135,Extremely hard,8,
331,23,Munchy_Monolith,Ingredients,20,100000,: 33,Gummi Dragon order.png,33,Somewhat hard,5,
332,23,Munchy_Monolith,Mixed,17,179000,: 69 : 72 : 90,Double jelly-removebg-preview.png|Bubblegum Pop order.png|Icing order new.png,69|72|90,Extremely hard,8,
333,23,Munchy_Monolith,Jelly,23,116000,: 8 : 54,Single jelly-removebg-preview (1).png|Double jelly-removebg-preview.png,8|54,Hard,6,
334,23,Munchy_Monolith,Order,17,10000,: 140,Icing order new.png,140,Medium,4,
335,23,Munchy_Monolith,Mixed,19,50000,: 75 : 20,Double jelly-removebg-preview.png|Jelly Fish order 2.png,75|20,Nearly impossible,9,
336,24,Pearly_White_Plains,Jelly,15,25000,: 46,Double jelly-removebg-preview.png,46,Easy,2,
337,24,Pearly_White_Plains,Order,16,18400,: 184,Icing order new.png,184,Somewhat hard,5,
338,24,Pearly_White_Plains,Mixed,16,56000,: 25 : 50,Double jelly-removebg-preview.png|Greencandy order.png,25|50,Medium,4,
339,24,Pearly_White_Plains,Ingredients,22,15000,: 4,Gummi Dragon order.png,4,Hard,6,
340,24,Pearly_White_Plains,Jelly,17,100000,: 77,Double jelly-removebg-preview.png,77,Nearly impossible,9,
341,24,Pearly_White_Plains,Order,15,50000,: 100,Bubblegum Pop order.png,100,Hard,6,
342,24,Pearly_White_Plains,Mixed,24,75000,: 52 : 10,Double jelly-removebg-preview.png|Jelly Fish order 2.png,52|10,Somewhat hard,5,
343,24,Pearly_White_Plains,Ingredients,21,100000,: 10,Gummi Dragon order.png,10,Hard,6,
344,24,Pearly_White_Plains,Jelly,16,100000,: 54,Double jelly-removebg-preview.png,54,Hard,6,
345,24,Pearly_White_Plains,Order,18,15000,: 80 : 86,Bubblegum Pop order.png|Icing order new.png,80|86,Nearly impossible,9,
346,24,Pearly_White_Plains,Mixed,16,50000,: 50,Double jelly-removebg-preview.png,50,Somewhat hard,5,
347,24,Pearly_White_Plains,Jelly,20,150000,: 70,Double jelly-removebg-preview.png,70,Somewhat hard,5,
348,24,Pearly_White_Plains,Ingredients,20,60000,: 10,Gummi Dragon order.png,10,Hard,6,
349,24,Pearly_White_Plains,Order,19,35400,: 227 : 120,Bubblegum Pop order.png|Redcandy order.png,227|120,Very hard,7,
350,24,Pearly_White_Plains,Mixed,19,50000,: 72 : 10,Double jelly-removebg-preview.png|Jelly Fish order 2.png,72|10,Extremely hard,8,Used to be the hardest level in the game until it got nerfed
351,25,Fudge_Islands,Order,16,3600,: 36,One-layered Toffee Swirl.png,36,Very easy,1,The level's shape is similar to that of level 29
352,25,Fudge_Islands,Order,25,6400,: 68,One-layered Toffee Swirl.png,68,Easy,2,
353,25,Fudge_Islands,Mixed,29,132600,: 16 : 58 : 27,Single jelly-removebg-preview (1).png|Double jelly-removebg-preview.png|One-layered Toffee Swirl.png,16|58|27,Somewhat easy,3,
354,25,Fudge_Islands,Jelly,15,147000,: 31 : 38,Single jelly-removebg-preview (1).png|Double jelly-removebg-preview.png,31|38,Extremely hard,8,
355,25,Fudge_Islands,Order,20,10000,: 120 : 70,Multilayered frosting 2024 FTUE order.png|Candy Bomb order 2.png,120|70,Very hard,7,
356,25,Fudge_Islands,Ingredients,23,90000,: 9,Gummi Dragon order.png,9,Medium,4,
357,25,Fudge_Islands,Order,19,71000,: 45 : 26,Bubblegum Pop order.png|Liquorice Swirl order.png,45|26,Extremely hard,8,
358,25,Fudge_Islands,Mixed,23,50000,: 57 : 10,Double jelly-removebg-preview.png|Jelly Fish order 2.png,57|10,Somewhat hard,5,
359,25,Fudge_Islands,Ingredients,18,20000,: 3,Gummi Dragon order.png,3,Medium,4,
360,25,Fudge_Islands,Jelly,16,118000,: 59,Double jelly-removebg-preview.png,59,Very hard,7,
361,25,Fudge_Islands,Mixed,15,50000,: 31 : 31,Double jelly-removebg-preview.png|Yellowcandy order.png,31|31,Very easy,1,
362,25,Fudge_Islands,Order,19,7300,: 78,One-layered Toffee Swirl.png,78,Hard,6,
363,25,Fudge_Islands,Mixed,21,100000,: 58 : 26,Double jelly-removebg-preview.png|Liquorice Swirl order.png,58|26,Medium,4,
364,25,Fudge_Islands,Jelly,20,100000,: 69,Double jelly-removebg-preview.png,69,Very hard,7,
365,25,Fudge_Islands,Mixed,21,120000,: 42 : 50 : 70,Double jelly-removebg-preview.png|Liquorice Swirl order.png|Multilayered frosting 2024 FTUE order.png,42|50|70,Nearly impossible,9,
366,26,Pudding_Pagoda,Order,16,11700,: 90,One-layered Toffee Swirl.png,90,Very easy,1,used to be introduced here
367,26,Pudding_Pagoda,Jelly,20,200000,: 16 : 54,Single jelly-removebg-preview (1).png|Double jelly-removebg-preview.png,16|54,Medium,4,
368,26,Pudding_Pagoda,Ingredients,15,20000,: 2,Gummi Dragon order.png,2,Easy,2,
369,26,Pudding_Pagoda,Jelly,18,50000,: 72,Double jelly-removebg-preview.png,72,Somewhat hard,5,
370,26,Pudding_Pagoda,Order,18,20000,: 35 : 100,Bubblegum Pop order.png|Icing order new.png,35|100,Nearly impossible,9,
371,26,Pudding_Pagoda,Ingredients,15,80000,: 2,Gummi Dragon order.png,2,Somewhat hard,5,
372,26,Pudding_Pagoda,Jelly,17,120000,: 61,Double jelly-removebg-preview.png,61,Hard,6,
373,26,Pudding_Pagoda,Order,16,6400,: 64,One-layered Toffee Swirl.png,64,Medium,4,
374,26,Pudding_Pagoda,Ingredients,15,20000,: 6,Gummi Dragon order.png,6,Hard,6,
375,26,Pudding_Pagoda,Mixed,19,18000,: 40 : 110,Double jelly-removebg-preview.png|Icing order new.png,40|110,Very hard,7,
376,26,Pudding_Pagoda,Order,21,6500,: 25 : 25,Bluecandy order.png|Chocolate order.png,25|25,Medium,4,
377,26,Pudding_Pagoda,Jelly,18,66000,: 33,Double jelly-removebg-preview.png,33,Somewhat hard,5,
378,26,Pudding_Pagoda,Mixed,21,82000,: 8 : 32 : 30,Single jelly-removebg-preview (1).png|Double jelly-removebg-preview.png|One-layered Toffee Swirl.png,8|32|30,Hard,6,
379,26,Pudding_Pagoda,Order,17,20000,: 40 : 60 : 70,One-layered Toffee Swirl.png|Bubblegum Pop order.png|Icing order new.png,40|60|70,Somewhat easy,3,
380,26,Pudding_Pagoda,Jelly,20,100000,: 78,Double jelly-removebg-preview.png,78,Nearly impossible,9,
381,27,Licorice_Tower,Jelly,20,62000,: 31,Double jelly-removebg-preview.png,31,Very easy,1,
382,27,Licorice_Tower,Mixed,19,119000,: 53 : 63,Double jelly-removebg-preview.png|One-layered Toffee Swirl.png,53|63,Somewhat easy,3,
383,27,Licorice_Tower,Ingredients,20,100000,: 10,Gummi Dragon order.png,10,Medium,4,
384,27,Licorice_Tower,Jelly,18,34000,: 34,Single jelly-removebg-preview (1).png,34,Hard,6,
385,27,Licorice_Tower,Order,16,6700,: 42 : 40,One-layered Toffee Swirl.png|Icing order new.png,42|40,Extremely hard,8,
386,27,Licorice_Tower,Jelly,16,142000,: 73,Double jelly-removebg-preview.png,73,Somewhat hard,5,
387,27,Licorice_Tower,Order,23,8000,: 104,Bubblegum Pop order.png,104,Somewhat hard,5,
388,27,Licorice_Tower,Mixed,29,15000,: 2 : 58 : 100,Single jelly-removebg-preview (1).png|Double jelly-removebg-preview.png|One-layered Toffee Swirl.png,2|58|100,Medium,4,
389,27,Licorice_Tower,Ingredients,20,25000,: 7,Gummi Dragon order.png,7,Medium,4,
390,27,Licorice_Tower,Jelly,22,50000,: 57,Double jelly-removebg-preview.png,57,Extremely hard,8,
391,27,Licorice_Tower,Order,17,2000,: 20,Liquorice Swirl order.png,20,Somewhat easy,3,
392,27,Licorice_Tower,Jelly,23,130000,: 71,Double jelly-removebg-preview.png,71,Extremely hard,8,
393,27,Licorice_Tower,Mixed,22,94200,: 46 : 22,Double jelly-removebg-preview.png|Icing order new.png,46|22,Somewhat hard,5,
394,27,Licorice_Tower,Ingredients,18,50000,: 6,Gummi Dragon order.png,6,Hard,6,
395,27,Licorice_Tower,Jelly,22,50000,: 77,Double jelly-removebg-preview.png,77,Nearly impossible,9,
396,28,Polkapalooza_(Episode_28),Mixed,20,160000,: 16 : 19 : 3,Single jelly-removebg-preview (1).png|Double jelly-removebg-preview.png|Gummi Dragon order.png,16|19|3,Easy,2,
397,28,Polkapalooza_(Episode_28),Mixed,16,50000,: 46 : 4,Double jelly-removebg-preview.png|Gummi Dragon order.png,46|4,Easy,2,
398,28,Polkapalooza_(Episode_28),Order,17,5000,: 40 : 40 : 40,Bluecandy order.png|Greencandy order.png|Purplecandy order.png,40|40|40,Medium,4,
399,28,Polkapalooza_(Episode_28),Mixed,24,100000,: 25 : 47 : 15,Single jelly-removebg-preview (1).png|Double jelly-removebg-preview.png|Gummi Dragon order.png,25|47|15,Hard,6,
400,28,Polkapalooza_(Episode_28),Jelly,22,50000,: 72,Double jelly-removebg-preview.png,72,Extremely hard,8,The 4th milestone level in Reality
401,28,Polkapalooza_(Episode_28),Ingredients,15,60000,: 4,Gummi Dragon order.png,4,Very easy,1,
402,28,Polkapalooza_(Episode_28),Order,17,10000,: 132,One-layered Toffee Swirl.png,132,Hard,6,
403,28,Polkapalooza_(Episode_28),Mixed,20,46000,: 36 : 17,Double jelly-removebg-preview.png|Gummi Dragon order.png,36|17,Somewhat hard,5,
404,28,Polkapalooza_(Episode_28),Mixed,16,87000,: 77 : 100,Single jelly-removebg-preview (1).png|Multilayered frosting 2024 FTUE order.png,77|100,Extremely hard,8,
405,28,Polkapalooza_(Episode_28),Order,22,11000,: 81 : 10,Multilayered frosting 2024 FTUE order.png|Striped2 (trans).png,81|10,Nearly impossible,9,
406,28,Polkapalooza_(Episode_28),Jelly,18,80000,: 47,Double jelly-removebg-preview.png,47,Hard,6,
407,28,Polkapalooza_(Episode_28),Ingredients,16,50000,: 10,Gummi Dragon order.png,10,Somewhat easy,3,
408,28,Polkapalooza_(Episode_28),Mixed,15,50000,: 74 : 5,Double jelly-removebg-preview.png|Gummi Dragon order.png,74|5,Somewhat hard,5,
409,28,Polkapalooza_(Episode_28),Jelly,24,50000,: 77,Double jelly-removebg-preview.png,77,Somewhat hard,5,
410,28,Polkapalooza_(Episode_28),Mixed,17,100000,: 66 : 80,Double jelly-removebg-preview.png|Bubblegum Pop order.png,66|80,Nearly impossible,9,
411,29,Soda_Swamp_(Episode_29),Order,20,7600,: 24 : 42,Liquorice Swirl order.png|Bubblegum Pop order.png,24|42,Easy,2,was introduced
412,29,Soda_Swamp_(Episode_29),Ingredients,18,360000,: 36,Gummi Dragon order.png,36,Very hard,7,
413,29,Soda_Swamp_(Episode_29),Mixed,19,100000,: 53 : 12,Double jelly-removebg-preview.png|Gummi Dragon order.png,53|12,Somewhat hard,5,
414,29,Soda_Swamp_(Episode_29),Mixed,18,90000,: 12 : 38 : 20,Single jelly-removebg-preview (1).png|Double jelly-removebg-preview.png|Liquorice Swirl order.png,12|38|20,Very hard,7,
415,29,Soda_Swamp_(Episode_29),Jelly,20,100000,: 81,Double jelly-removebg-preview.png,81,Nearly impossible,9,
416,29,Soda_Swamp_(Episode_29),Mixed,21,270000,: 45 : 18,Double jelly-removebg-preview.png|Gummi Dragon order.png,45|18,Medium,4,The only level in the episode that did not have toffee tornadoes up until its removal
417,29,Soda_Swamp_(Episode_29),Ingredients,15,50000,: 5,Gummi Dragon order.png,5,Hard,6,100th level
418,29,Soda_Swamp_(Episode_29),Order,18,10000,: 125,Icing order new.png,125,Easy,2,
419,29,Soda_Swamp_(Episode_29),Jelly,20,50000,: 62,Double jelly-removebg-preview.png,62,Hard,6,
420,29,Soda_Swamp_(Episode_29),Mixed,18,50000,: 72 : 8,Double jelly-removebg-preview.png|Jelly Fish order 2.png,72|8,Nearly impossible,9,
421,29,Soda_Swamp_(Episode_29),Mixed,22,94000,: 27 : 4,Double jelly-removebg-preview.png|Gummi Dragon order.png,27|4,Somewhat hard,5,
422,29,Soda_Swamp_(Episode_29),Ingredients,19,50000,: 6,Gummi Dragon order.png,6,Somewhat easy,3,
423,29,Soda_Swamp_(Episode_29),Mixed,15,10000,: 37 : 15 : 15,Double jelly-removebg-preview.png|Redcandy order.png|Yellowcandy order.png,37|15|15,Variable,,
424,29,Soda_Swamp_(Episode_29),Order,17,30000,: 36 : 6,Bubblegum Pop order.png|Yellowcandy order.png,36|6,Hard,6,
425,29,Soda_Swamp_(Episode_29),Jelly,18,182000,: 75,Double jelly-removebg-preview.png,75,Very hard,7,
426,30,Rainbow_Runway,Mixed,18,170000,: 20 : 35 : 10,Single jelly-removebg-preview (1).png|Double jelly-removebg-preview.png|Gummi Dragon order.png,20|35|10,Easy,2,
427,30,Rainbow_Runway,Jelly,23,100000,: 72,Double jelly-removebg-preview.png,72,Medium,4,
428,30,Rainbow_Runway,Ingredients,22,50000,: 4,Gummi Dragon order.png,4,Somewhat easy,3,
429,30,Rainbow_Runway,Order,21,50000,: 93,One-layered Toffee Swirl.png,93,Medium,4,
430,30,Rainbow_Runway,Mixed,21,100000,: 63 : 12,Double jelly-removebg-preview.png|Gummi Dragon order.png,63|12,Extremely hard,8,A level that had a similar board to level 65.
431,30,Rainbow_Runway,Ingredients,19,20000,: 2,Gummi Dragon order.png,2,Very easy,1,
432,30,Rainbow_Runway,Jelly,18,112000,: 54,Double jelly-removebg-preview.png,54,Very easy,1,
433,30,Rainbow_Runway,Ingredients,19,150000,: 75,Double jelly-removebg-preview.png,75,Easy,2,
434,30,Rainbow_Runway,Mixed,21,50000,: 67 : 6,Double jelly-removebg-preview.png|Jelly Fish order 2.png,67|6,Medium,4,
435,30,Rainbow_Runway,Mixed,23,100000,: 65 : 16,Double jelly-removebg-preview.png|Gummi Dragon order.png,65|16,Nearly impossible,9,
436,30,Rainbow_Runway,Ingredients,24,90000,: 9,Gummi Dragon order.png,9,Somewhat easy,3,
437,30,Rainbow_Runway,Mixed,21,153000,: 15 : 54 : 3,Single jelly-removebg-preview (1).png|Double jelly-removebg-preview.png|Gummi Dragon order.png,15|54|3,Medium,4,
438,30,Rainbow_Runway,Order,20,3000,: 30,Chocolate order.png,30,Somewhat hard,5,
439,30,Rainbow_Runway,Mixed,19,50000,: 32 : 76 : 64,Double jelly-removebg-preview.png|Bubblegum Pop order.png|One-layered Toffee Swirl.png,32|76|64,Easy,2,
440,30,Rainbow_Runway,Mixed,28,50000,: 72 : 1,Double jelly-removebg-preview.png|Gummi Dragon order.png,72|1,Hard,6,Formerly the level with the most number of under a
441,31,Butterscotch_Boulders_(Episode_31),Order,20,5300,: 56 : 1,One-layered Toffee Swirl.png|Cake Bomb order.png,56|1,Very easy,1,is introduced
442,31,Butterscotch_Boulders_(Episode_31),Jelly,19,6800,: 71,Double jelly-removebg-preview.png,71,Very easy,1,
443,31,Butterscotch_Boulders_(Episode_31),Mixed,19,88200,: 70 : 2,Double jelly-removebg-preview.png|Cake Bomb order.png,70|2,Easy,2,
444,31,Butterscotch_Boulders_(Episode_31),Ingredients,17,20000,: 6,Gummi Dragon order.png,6,Extremely hard,8,
445,31,Butterscotch_Boulders_(Episode_31),Mixed,18,50000,: 62 : 2,Double jelly-removebg-preview.png|Gummi Dragon order.png,62|2,Very hard,7,
446,31,Butterscotch_Boulders_(Episode_31),Mixed,20,120000,: 5 : 61 : 20,Single jelly-removebg-preview (1).png|Double jelly-removebg-preview.png|Multilayered frosting 2024 FTUE order.png,5|61|20,Somewhat hard,5,
447,31,Butterscotch_Boulders_(Episode_31),Ingredients,20,30000,: 3,Gummi Dragon order.png,3,Medium,4,
448,31,Butterscotch_Boulders_(Episode_31),Jelly,23,100000,: 12 : 52,Single jelly-removebg-preview (1).png|Double jelly-removebg-preview.png,12|52,Easy,2,
449,31,Butterscotch_Boulders_(Episode_31),Mixed,23,200000,: 81 : 40,Double jelly-removebg-preview.png|Gummi Dragon order.png,81|40,Very hard,7,
450,31,Butterscotch_Boulders_(Episode_31),Order,24,17200,: 70 : 70 : 40,Bubblegum Pop order.png|Multilayered frosting 2024 FTUE order.png|Liquorice Swirl order.png,70|70|40,Extremely hard,8,
451,31,Butterscotch_Boulders_(Episode_31),Mixed,16,130000,: 61 : 70,Double jelly-removebg-preview.png|One-layered Toffee Swirl.png,61|70,Easy,2,
452,31,Butterscotch_Boulders_(Episode_31),Jelly,17,200000,: 58,Double jelly-removebg-preview.png,58,Hard,6,
453,31,Butterscotch_Boulders_(Episode_31),Ingredients,15,30000,: 4,Gummi Dragon order.png,4,Very easy,1,
454,31,Butterscotch_Boulders_(Episode_31),Order,24,20000,: 195,One-layered Toffee Swirl.png,195,Medium,4,
455,31,Butterscotch_Boulders_(Episode_31),Jelly,19,100000,: 77,Double jelly-removebg-preview.png,77,Extremely hard,8,
456,32,Sugary_Shire_(Episode_32),Mixed,21,136000,: 8 : 40 : 4,Single jelly-removebg-preview (1).png|Double jelly-removebg-preview.png|Gummi Dragon order.png,8|40|4,Easy,2,
457,32,Sugary_Shire_(Episode_32),Order,16,11200,: 64 : 78,One-layered Toffee Swirl.png|Bubblegum Pop order.png,64|78,Hard,6,
458,32,Sugary_Shire_(Episode_32),Jelly,15,100000,: 4 : 34,Single jelly-removebg-preview (1).png|Double jelly-removebg-preview.png,4|34,Very easy,1,
459,32,Sugary_Shire_(Episode_32),Ingredients,17,25000,: 7,Gummi Dragon order.png,7,Somewhat hard,5,"It used to have the highest number of , with 9"
460,32,Sugary_Shire_(Episode_32),Jelly,24,120000,: 60,Double jelly-removebg-preview.png,60,Extremely hard,8,
461,32,Sugary_Shire_(Episode_32),Order,19,2000,: 20,Liquorice Swirl order.png,20,Somewhat easy,3,
462,32,Sugary_Shire_(Episode_32),Mixed,16,100000,: 52 : 1 : 76,Double jelly-removebg-preview.png|Cake Bomb order.png|Bubblegum Pop order.png,52|1|76,Very hard,7,
463,32,Sugary_Shire_(Episode_32),Mixed,15,20000,: 29 : 2,Double jelly-removebg-preview.png|Gummi Dragon order.png,29|2,Very easy,1,
464,32,Sugary_Shire_(Episode_32),Jelly,17,146000,: 74,Double jelly-removebg-preview.png,74,Very hard,7,
465,32,Sugary_Shire_(Episode_32),Order,19,8900,: 51 : 59 : 39,One-layered Toffee Swirl.png|Multilayered frosting 2024 FTUE order.png|Bubblegum Pop order.png,51|59|39,Nearly impossible,9,
466,32,Sugary_Shire_(Episode_32),Ingredients,16,40000,: 2,Gummi Dragon order.png,2,Very easy,1,
467,32,Sugary_Shire_(Episode_32),Jelly,18,120000,: 12 : 49,Single jelly-removebg-preview (1).png|Double jelly-removebg-preview.png,12|49,Very easy,1,
468,32,Sugary_Shire_(Episode_32),Mixed,22,113000,: 53 : 6,Single jelly-removebg-preview (1).png|Gummi Dragon order.png,53|6,Easy,2,
469,32,Sugary_Shire_(Episode_32),Mixed,15,100000,: 5 : 38 : 153 : 2,Single jelly-removebg-preview (1).png|Double jelly-removebg-preview.png|Bubblegum Pop order.png|Cake Bomb order.png,5|38|153|2,Nearly impossible,9,
470,32,Sugary_Shire_(Episode_32),Jelly,16,50000,: 52,Double jelly-removebg-preview.png,52,Very hard,7,Used to had the highest number of moves in a
471,33,Waffle_Workshop,Ingredients,15,30000,: 3,Gummi Dragon order.png,3,Somewhat easy,3,
472,33,Waffle_Workshop,Order,19,6000,: 80,One-layered Toffee Swirl.png,80,Somewhat hard,5,It was possible to fail the level once you started due to the large amount of blockers.
473,33,Waffle_Workshop,Mixed,15,25000,: 24 : 4,Double jelly-removebg-preview.png|Gummi Dragon order.png,24|4,Easy,2,
474,33,Waffle_Workshop,Jelly,20,110000,: 52,Double jelly-removebg-preview.png,52,Hard,6,
475,33,Waffle_Workshop,Mixed,20,66000,: 20 : 8 : 115,Single jelly-removebg-preview (1).png|Double jelly-removebg-preview.png|One-layered Toffee Swirl.png,20|8|115,Nearly impossible,9,
476,33,Waffle_Workshop,Order,20,4500,: 63,One-layered Toffee Swirl.png,63,Easy,2,Board is exactly the same as level 147 is unofficially introduced
477,33,Waffle_Workshop,Ingredients,17,30000,: 3,Gummi Dragon order.png,3,Hard,6,
478,33,Waffle_Workshop,Mixed,15,110000,: 69 : 6,Double jelly-removebg-preview.png|Gummi Dragon order.png,69|6,Medium,4,
479,33,Waffle_Workshop,Mixed,20,149200,: 51 : 28 : 2,Double jelly-removebg-preview.png|Liquorice Swirl order.png|Cake Bomb order.png,51|28|2,Hard,6,
480,33,Waffle_Workshop,Order,18,4500,: 42,Bubblegum Pop order.png,42,Extremely hard,8,
481,33,Waffle_Workshop,Jelly,15,25000,: 48,Double jelly-removebg-preview.png,48,Medium,4,
482,33,Waffle_Workshop,Ingredients,16,30000,: 3,Gummi Dragon order.png,3,Nearly impossible,9,
483,33,Waffle_Workshop,Mixed,15,25000,: 42 : 44,Double jelly-removebg-preview.png|Bluecandy order.png,42|44,Easy,2,
484,33,Waffle_Workshop,Mixed,17,200000,: 25 : 47 : 25,Single jelly-removebg-preview (1).png|Double jelly-removebg-preview.png|Gummi Dragon order.png,25|47|25,Nearly impossible,9,
485,33,Waffle_Workshop,Jelly,22,100000,: 66,Double jelly-removebg-preview.png,66,Very hard,7,
486,34,Meringue_Moor_(Episode_34),Order,15,2700,: 27,One-layered Toffee Swirl.png,27,Very easy,1,
487,34,Meringue_Moor_(Episode_34),Order,18,15000,: 32 : 21,One-layered Toffee Swirl.png|Icing order new.png,32|21,Very easy,1,
488,34,Meringue_Moor_(Episode_34),Mixed,18,40000,: 31 : 26 : 2,Single jelly-removebg-preview (1).png|Double jelly-removebg-preview.png|Gummi Dragon order.png,31|26|2,Easy,2,
489,34,Meringue_Moor_(Episode_34),Ingredients,21,40000,: 4,Gummi Dragon order.png,4,Hard,6,
490,34,Meringue_Moor_(Episode_34),Jelly,18,50000,: 57,Double jelly-removebg-preview.png,57,Nearly impossible,9,
491,34,Meringue_Moor_(Episode_34),Mixed,22,93400,: 35 : 32 : 7,Double jelly-removebg-preview.png|One-layered Toffee Swirl.png|Liquorice Swirl order.png,35|32|7,Easy,2,
492,34,Meringue_Moor_(Episode_34),Order,21,15700,: 60 : 125,Bubblegum Pop order.png|Icing order new.png,60|125,Hard,6,
493,34,Meringue_Moor_(Episode_34),Jelly,24,25000,: 25,Double jelly-removebg-preview.png,25,Very easy,1,
494,34,Meringue_Moor_(Episode_34),Mixed,22,98500,: 56 : 17 : 85,Single jelly-removebg-preview (1).png|Double jelly-removebg-preview.png|One-layered Toffee Swirl.png,56|17|85,Nearly impossible,9,
495,34,Meringue_Moor_(Episode_34),Mixed,19,50000,: 41 : 4,Double jelly-removebg-preview.png|Gummi Dragon order.png,41|4,Nearly impossible,9,
496,34,Meringue_Moor_(Episode_34),Order,15,25000,: 95 : 95 : 95,Bluecandy order.png|Purplecandy order.png|Bubblegum Pop order.png,95|95|95,Very easy,1,
497,34,Meringue_Moor_(Episode_34),Jelly,24,102000,: 12 : 39,Single jelly-removebg-preview (1).png|Double jelly-removebg-preview.png,12|39,Medium,4,
498,34,Meringue_Moor_(Episode_34),Mixed,24,50000,: 24 : 24 : 5,Single jelly-removebg-preview (1).png|Double jelly-removebg-preview.png|Chocolate order.png,24|24|5,Somewhat easy,3,
499,34,Meringue_Moor_(Episode_34),Ingredients,21,30000,: 3,Gummi Dragon order.png,3,Somewhat hard,5,
500,34,Meringue_Moor_(Episode_34),Jelly,23,50000,: 66,Double jelly-removebg-preview.png,66,Very hard,7,The 5th milestone level in Reality
501,35,Ice_Cream_Caves_(Episode_35),Unknown,25,90000,: 13 : 38,,13|38,Medium,4,
502,35,Ice_Cream_Caves_(Episode_35),Unknown,20,20000,: 2,,2,Hard,6,
503,35,Ice_Cream_Caves_(Episode_35),Unknown,30,20000,: 2 : 2,,2|2,Very easy,1,
504,35,Ice_Cream_Caves_(Episode_35),Unknown,30,30000,: 12,,12,Somewhat easy,3,
505,35,Ice_Cream_Caves_(Episode_35),Unknown,35,100000,: 37,,37,Extremely hard,8,
506,35,Ice_Cream_Caves_(Episode_35),Unknown,22,50000,: 4,,4,Medium,4,
507,35,Ice_Cream_Caves_(Episode_35),Unknown,22,80000,: 34,,34,Somewhat hard,5,
508,35,Ice_Cream_Caves_(Episode_35),Unknown,22,50000,: 24,,24,Somewhat easy,3,
509,35,Ice_Cream_Caves_(Episode_35),Unknown,29,70000,: 4,,4,Easy,2,
510,35,Ice_Cream_Caves_(Episode_35),Unknown,20,30000,: 2,,2,Very hard,7,
511,35,Ice_Cream_Caves_(Episode_35),Unknown,24,60000,: 5 : 45,,5|45,Easy,2,
512,35,Ice_Cream_Caves_(Episode_35),Unknown,20,50000,: 10 : 55,,10|55,Medium,4,
513,35,Ice_Cream_Caves_(Episode_35),Unknown,25,50000,: 67,,67,Somewhat hard,5,
514,35,Ice_Cream_Caves_(Episode_35),Unknown,24,20000,: 2,,2,Hard,6,
515,35,Ice_Cream_Caves_(Episode_35),Unknown,20,70000,: 32,,32,Nearly impossible,9,Last Reality level that was released in 2013
516,36,Sour_Salon,Order,21,40000,: 100 : 100 : 100,Purplecandy order.png|Bluecandy order.png|Orangecandy order.png,100|100|100,Hard,6,First Reality level that was released in 2014
517,36,Sour_Salon,Mixed,24,125500,: 38 : 41 : 25 : 40,Single jelly-removebg-preview (1).png|Double jelly-removebg-preview.png|Chocolate order.png|Candy Bomb order 2.png,38|41|25|40,Somewhat hard,5,
518,36,Sour_Salon,Ingredients,15,25000,: 6,Gummi Dragon order.png,6,Very easy,1,
519,36,Sour_Salon,Mixed,16,171000,: 27 : 12 : 12,Single jelly-removebg-preview (1).png|Double jelly-removebg-preview.png|Gummi Dragon order.png,27|12|12,Extremely hard,8,
520,36,Sour_Salon,Jelly,20,50000,: 56,Double jelly-removebg-preview.png,56,Very hard,7,
521,36,Sour_Salon,Mixed,20,25000,: 51 : 10 : 60,Double jelly-removebg-preview.png|Jelly Fish order 2.png|Bluecandy order.png,51|10|60,Hard,6,
522,36,Sour_Salon,Order,16,15000,: 3 : 22,Yellowcandy order.png|Liquorice Swirl order.png,3|22,Somewhat easy,3,
523,36,Sour_Salon,Ingredients,16,40000,: 4,Gummi Dragon order.png,4,Very easy,1,
524,36,Sour_Salon,Jelly,21,108000,: 54,Double jelly-removebg-preview.png,54,Very hard,7,
525,36,Sour_Salon,Mixed,18,50000,: 45 : 12,Double jelly-removebg-preview.png|Gummi Dragon order.png,45|12,Hard,6,
526,36,Sour_Salon,Mixed,16,50000,: 43 : 30,Double jelly-removebg-preview.png|One-layered Toffee Swirl.png,43|30,Medium,4,
527,36,Sour_Salon,Jelly,19,128000,: 18 : 39,Single jelly-removebg-preview (1).png|Double jelly-removebg-preview.png,18|39,Somewhat easy,3,
528,36,Sour_Salon,Order,15,20000,: 2 : 18,Cake Bomb order.png|One-layered Toffee Swirl.png,2|18,Medium,4,
529,36,Sour_Salon,Ingredients,20,80000,: 9,Gummi Dragon order.png,9,Medium,4,
530,36,Sour_Salon,Mixed,25,100000,: 54 : 40,Double jelly-removebg-preview.png|Icing order new.png,54|40,Hard,6,
531,37,Sticky_Savannah,Jelly,22,6000,: 5,Single jelly-removebg-preview (1).png,5,Very easy,1,was introduced here
532,37,Sticky_Savannah,Mixed,15,6000,: 11 : 1,Single jelly-removebg-preview (1).png|Candy Frog order 2.png,11|1,Extremely hard,8,
533,37,Sticky_Savannah,Mixed,20,119500,: 56 : 75,Double jelly-removebg-preview.png|Icing order new.png,56|75,Somewhat easy,3,
534,37,Sticky_Savannah,Ingredients,18,25000,: 7,Gummi Dragon order.png,7,Easy,2,
535,37,Sticky_Savannah,Mixed,17,50000,: 66 : 2,Double jelly-removebg-preview.png|Gummi Dragon order.png,66|2,Extremely hard,8,
536,37,Sticky_Savannah,Mixed,20,130000,: 49 : 18,Double jelly-removebg-preview.png|Icing order new.png,49|18,Medium,4,
537,37,Sticky_Savannah,Jelly,16,25000,: 4 : 41,Single jelly-removebg-preview (1).png|Double jelly-removebg-preview.png,4|41,Very hard,7,
538,37,Sticky_Savannah,Ingredients,15,40000,: 4,Gummi Dragon order.png,4,Very hard,7,
539,37,Sticky_Savannah,Mixed,24,120000,: 65 : 80,Double jelly-removebg-preview.png|One-layered Toffee Swirl.png,65|80,Extremely hard,8,
540,37,Sticky_Savannah,Jelly,17,50000,: 66,Double jelly-removebg-preview.png,66,Extremely hard,8,
541,37,Sticky_Savannah,Mixed,27,200000,: 54 : 72 : 5,Single jelly-removebg-preview (1).png|Icing order new.png|Color bomb (trans).png,54|72|5,Hard,6,100th level
542,37,Sticky_Savannah,Ingredients,22,60000,: 6,Gummi Dragon order.png,6,Very easy,1,
543,37,Sticky_Savannah,Mixed,23,100000,: 46 : 5,Double jelly-removebg-preview.png|Gummi Dragon order.png,46|5,Easy,2,
544,37,Sticky_Savannah,Order,22,18000,: 65 : 65,Purplecandy order.png|Bluecandy order.png,65|65,Somewhat easy,3,
545,37,Sticky_Savannah,Mixed,25,166100,: 78 : 108,Double jelly-removebg-preview.png|One-layered Toffee Swirl.png,78|108,Very hard,7,
546,38,Jelly_Wagon,Ingredients,15,100000,: 16,Gummi Dragon order.png,16,Very easy,1,
547,38,Jelly_Wagon,Order,15,18000,: 36 : 1 : 16,Multilayered frosting 2024 FTUE order.png|Candy Frog order 2.png|One-layered Toffee Swirl.png,36|1|16,Very hard,7,
548,38,Jelly_Wagon,Mixed,22,200000,: 75 : 30,Double jelly-removebg-preview.png|Bubblegum Pop order.png,75|30,Somewhat hard,5,
549,38,Jelly_Wagon,Ingredients,16,60000,: 6,Gummi Dragon order.png,6,Easy,2,
550,38,Jelly_Wagon,Jelly,17,145000,: 74,Double jelly-removebg-preview.png,74,Very hard,7,
551,38,Jelly_Wagon,Mixed,20,100000,: 60 : 2,Double jelly-removebg-preview.png|Gummi Dragon order.png,60|2,Easy,2,
552,38,Jelly_Wagon,Mixed,16,50000,: 40 : 16 : 16,Double jelly-removebg-preview.png|Yellowcandy order.png|Redcandy order.png,40|16|16,Hard,6,
553,38,Jelly_Wagon,Order,17,60000,: 70 : 90,One-layered Toffee Swirl.png|Greencandy order.png,70|90,Somewhat easy,3,
554,38,Jelly_Wagon,Jelly,23,118000,: 8 : 54,Single jelly-removebg-preview (1).png|Double jelly-removebg-preview.png,8|54,Easy,2,
555,38,Jelly_Wagon,Order,18,11000,: 45 : 71,Liquorice Swirl order.png|Multilayered frosting 2024 FTUE order.png,45|71,Nearly impossible,9,
556,38,Jelly_Wagon,Ingredients,19,60000,: 5,Gummi Dragon order.png,5,Somewhat easy,3,
557,38,Jelly_Wagon,Jelly,18,71000,: 53,Single jelly-removebg-preview (1).png,53,Very easy,1,
558,38,Jelly_Wagon,Order,15,3000,: 25 : 14,Liquorice Swirl order.png|Yellowcandy order.png,25|14,Very easy,1,
559,38,Jelly_Wagon,Mixed,23,50000,: 73 : 20,Double jelly-removebg-preview.png|Jelly Fish order 2.png,73|20,Extremely hard,8,
560,38,Jelly_Wagon,Jelly,23,25000,: 57,Double jelly-removebg-preview.png,57,Medium,4,
561,39,Biscuit_Bungalow,Mixed,24,400000,: 55 : 3,Double jelly-removebg-preview.png|Gummi Dragon order.png,55|3,Somewhat hard,5,
562,39,Biscuit_Bungalow,Order,15,1900,: 2 : 16,Candy Frog order 2.png|Liquorice Swirl order.png,2|16,Easy,2,
563,39,Biscuit_Bungalow,Ingredients,15,30000,: 3,Gummi Dragon order.png,3,Easy,2,
564,39,Biscuit_Bungalow,Jelly,27,128000,: 14 : 57,Single jelly-removebg-preview (1).png|Double jelly-removebg-preview.png,14|57,Medium,4,
565,39,Biscuit_Bungalow,Mixed,25,152900,: 51 : 45,Double jelly-removebg-preview.png|One-layered Toffee Swirl.png,51|45,Medium,4,
566,39,Biscuit_Bungalow,Order,17,8000,: 30 : 20,Yellowcandy order.png|Liquorice Swirl order.png,30|20,Easy,2,
567,39,Biscuit_Bungalow,Ingredients,19,40000,: 4,Gummi Dragon order.png,4,Very easy,1,
568,39,Biscuit_Bungalow,Jelly,18,64000,: 39 : 25,Single jelly-removebg-preview (1).png|Double jelly-removebg-preview.png,39|25,Very easy,1,
569,39,Biscuit_Bungalow,Mixed,22,100000,: 51 : 5,Double jelly-removebg-preview.png|Gummi Dragon order.png,51|5,Very easy,1,
570,39,Biscuit_Bungalow,Mixed,27,71000,: 63 : 80,Single jelly-removebg-preview (1).png|One-layered Toffee Swirl.png,63|80,Somewhat hard,5,
571,39,Biscuit_Bungalow,Jelly,25,128000,: 42 : 22,Single jelly-removebg-preview (1).png|Double jelly-removebg-preview.png,42|22,Very easy,1,
572,39,Biscuit_Bungalow,Order,21,7500,: 48,One-layered Toffee Swirl.png,48,Easy,2,
573,39,Biscuit_Bungalow,Ingredients,20,25000,: 9,Gummi Dragon order.png,9,Very easy,1,
574,39,Biscuit_Bungalow,Mixed,24,120000,: 24 : 36 : 8 : 52,Single jelly-removebg-preview (1).png|Double jelly-removebg-preview.png|Liquorice Swirl order.png|Multilayered frosting 2024 FTUE order.png,24|36|8|52,Somewhat easy,3,
575,39,Biscuit_Bungalow,Jelly,20,100000,: 75,Double jelly-removebg-preview.png,75,Easy,2,
576,40,Gummy_Gardens_(Episode_40),Jelly,15,100000,: 64,Double jelly-removebg-preview.png,64,Hard,6,
577,40,Gummy_Gardens_(Episode_40),Order,19,8000,: 36 : 36,Striped2 (trans).png|Liquorice Swirl order.png,36|36,Somewhat hard,5,
578,40,Gummy_Gardens_(Episode_40),Mixed,21,125400,: 12 : 46 : 100,Single jelly-removebg-preview (1).png|Double jelly-removebg-preview.png|Icing order new.png,12|46|100,Very easy,1,Former hardest level in the entire game This level used to be impossible because of a jelly under a chocolate fountain
579,40,Gummy_Gardens_(Episode_40),Ingredients,26,50000,: 5,Gummi Dragon order.png,5,Easy,2,
580,40,Gummy_Gardens_(Episode_40),Mixed,23,150000,: 10 : 52 : 5,Single jelly-removebg-preview (1).png|Double jelly-removebg-preview.png|Gummi Dragon order.png,10|52|5,Extremely hard,8,
581,40,Gummy_Gardens_(Episode_40),Order,15,10300,: 40 : 33,Bubblegum Pop order.png|One-layered Toffee Swirl.png,40|33,Very easy,1,
582,40,Gummy_Gardens_(Episode_40),Jelly,25,100000,: 57,Double jelly-removebg-preview.png,57,Somewhat easy,3,
583,40,Gummy_Gardens_(Episode_40),Ingredients,22,60000,: 3,Gummi Dragon order.png,3,Very easy,1,
584,40,Gummy_Gardens_(Episode_40),Mixed,26,103600,: 21 : 50,Double jelly-removebg-preview.png|One-layered Toffee Swirl.png,21|50,Very easy,1,
585,40,Gummy_Gardens_(Episode_40),Jelly,18,128000,: 8 : 56,Single jelly-removebg-preview (1).png|Double jelly-removebg-preview.png,8|56,Hard,6,
586,40,Gummy_Gardens_(Episode_40),Order,17,30000,: 140,Icing order new.png,140,Very easy,1,
587,40,Gummy_Gardens_(Episode_40),Mixed,23,144500,: 53 : 52,Double jelly-removebg-preview.png|One-layered Toffee Swirl.png,53|52,Very easy,1,
588,40,Gummy_Gardens_(Episode_40),Jelly,15,100000,: 54,Double jelly-removebg-preview.png,54,Easy,2,
589,40,Gummy_Gardens_(Episode_40),Order,28,7000,: 49 : 87,Bubblegum Pop order.png|One-layered Toffee Swirl.png,49|87,Somewhat hard,5,
590,40,Gummy_Gardens_(Episode_40),Mixed,22,120000,: 51 : 60,Double jelly-removebg-preview.png|Bubblegum Pop order.png,51|60,Very hard,7,
591,41,Wafer_Windmill,Jelly,29,130000,: 13 : 45,Single jelly-removebg-preview (1).png|Double jelly-removebg-preview.png,13|45,Easy,2,
592,41,Wafer_Windmill,Order,31,7000,: 95,One-layered Toffee Swirl.png,95,Somewhat hard,5,
593,41,Wafer_Windmill,Ingredients,20,30000,: 3,Gummi Dragon order.png,3,Very easy,1,
594,41,Wafer_Windmill,Mixed,30,160000,: 60 : 2,Double jelly-removebg-preview.png|Gummi Dragon order.png,60|2,Hard,6,
595,41,Wafer_Windmill,Order,28,9000,: 45 : 138,One-layered Toffee Swirl.png|Gumballs.png,45|138,Hard,6,
596,41,Wafer_Windmill,Ingredients,27,50000,: 8,Gummi Dragon order.png,8,Easy,2,
597,41,Wafer_Windmill,Jelly,22,100000,: 60,Double jelly-removebg-preview.png,60,Extremely hard,8,
598,41,Wafer_Windmill,Order,25,60000,: 25 : 25,Chocolate order.png|Striped2 (trans).png,25|25,Somewhat easy,3,
599,41,Wafer_Windmill,Mixed,29,30000,: 47 : 27 : 35 : 26,Single jelly-removebg-preview (1).png|Double jelly-removebg-preview.png|Liquorice Swirl order.png|One-layered Toffee Swirl.png,47|27|35|26,Hard,6,
600,41,Wafer_Windmill,Jelly,29,120000,: 54,Double jelly-removebg-preview.png,54,Very hard,7,Formerly the first level with cannons that can dispense three types of items. The 6th milestone level in Reality
601,41,Wafer_Windmill,Ingredients,26,60000,: 1,Gummi Dragon order.png,1,Somewhat hard,5,
602,41,Wafer_Windmill,Mixed,24,90000,: 73 : 70 : 15,Double jelly-removebg-preview.png|Bubblegum Pop order.png|One-layered Toffee Swirl.png,73|70|15,Nearly impossible,9,
603,41,Wafer_Windmill,Jelly,25,50000,: 45,Double jelly-removebg-preview.png,45,Very easy,1,
604,41,Wafer_Windmill,Order,20,11000,: 35 : 80,Gumballs.png|Icing order new.png,35|80,Hard,6,
605,41,Wafer_Windmill,Mixed,27,90000,: 8 : 63 : 10,Single jelly-removebg-preview (1).png|Double jelly-removebg-preview.png|Yellowcandy order.png,8|63|10,Extremely hard,8,
606,42,Cereal_Sea,Ingredients,27,6000,: 6,Gummi Dragon order.png,6,Very easy,1,was formerly introduced here
607,42,Cereal_Sea,Jelly,20,110000,: 79,Double jelly-removebg-preview.png,79,Very hard,7,
608,42,Cereal_Sea,Order,26,130000,: 90,One-layered Toffee Swirl.png,90,Somewhat easy,3,
609,42,Cereal_Sea,Mixed,26,100000,: 71 : 4,Double jelly-removebg-preview.png|Gummi Dragon order.png,71|4,Somewhat easy,3,
610,42,Cereal_Sea,Mixed,22,40000,: 63 : 90,Double jelly-removebg-preview.png|Redcandy order.png,63|90,Somewhat hard,5,
611,42,Cereal_Sea,Ingredients,27,60000,: 4,Gummi Dragon order.png,4,Easy,2,
612,42,Cereal_Sea,Mixed,20,107000,: 45 : 28 : 40 : 49,Single jelly-removebg-preview (1).png|Double jelly-removebg-preview.png|Liquorice Swirl order.png|Gumballs.png,45|28|40|49,Hard,6,
613,42,Cereal_Sea,Jelly,25,150000,: 73,Double jelly-removebg-preview.png,73,Easy,2,
614,42,Cereal_Sea,Mixed,20,12000,: 61 : 15,Double jelly-removebg-preview.png|Wrapped2 (trans).png,61|15,Nearly impossible,9,
615,42,Cereal_Sea,Mixed,20,100000,: 81 : 4,Double jelly-removebg-preview.png|Gummi Dragon order.png,81|4,Extremely hard,8,
616,42,Cereal_Sea,Order,21,900,: 9,Liquorice Swirl order.png,9,Medium,4,
617,42,Cereal_Sea,Mixed,27,125600,: 29 : 22 : 50,Single jelly-removebg-preview (1).png|Double jelly-removebg-preview.png|Bubblegum Pop order.png,29|22|50,Very hard,7,
618,42,Cereal_Sea,Ingredients,31,200000,: 20,Gummi Dragon order.png,20,Very easy,1,Used to be the first level since level 462
619,42,Cereal_Sea,Jelly,28,152000,: 76,Double jelly-removebg-preview.png,76,Very hard,7,This level was originally a level. As well as the exact copy of level 609.
620,42,Cereal_Sea,Order,26,16000,: 76 : 105,Gumballs.png|Bubblegum Pop order.png,76|105,Extremely hard,8,
621,43,Taffy_Tropics,Jelly,25,3000,: 26,Single jelly-removebg-preview (1).png,26,Very easy,1,Introduction of jelly jars
622,43,Taffy_Tropics,Jelly,30,12000,: 104,Single jelly-removebg-preview (1).png,104,Very easy,1,
623,43,Taffy_Tropics,Mixed,30,19200,: 104 : 72,Single jelly-removebg-preview (1).png|Bubblegum Pop order.png,104|72,Very easy,1,This level was originally a level
624,43,Taffy_Tropics,Ingredients,25,280000,: 28,Gummi Dragon order.png,28,Hard,6,
625,43,Taffy_Tropics,Order,26,10900,: 75 : 19,Icing order new.png|Liquorice Swirl order.png,75|19,Medium,4,
626,43,Taffy_Tropics,Ingredients,25,60000,: 8,Gummi Dragon order.png,8,Very easy,1,
627,43,Taffy_Tropics,Jelly,20,68000,: 140,Single jelly-removebg-preview (1).png,140,Extremely hard,8,
628,43,Taffy_Tropics,Mixed,25,32000,: 130 : 55 : 10,Single jelly-removebg-preview (1).png|Double jelly-removebg-preview.png|Jelly Fish order 2.png,130|55|10,Very easy,1,
629,43,Taffy_Tropics,Ingredients,21,100000,: 10,Gummi Dragon order.png,10,Extremely hard,8,
630,43,Taffy_Tropics,Order,20,23400,: 199,Bubblegum Pop order.png,199,Nearly impossible,9,
631,43,Taffy_Tropics,Mixed,25,95000,: 78 : 9 : 6,Single jelly-removebg-preview (1).png|Double jelly-removebg-preview.png|Gummi Dragon order.png,78|9|6,Somewhat easy,3,
632,43,Taffy_Tropics,Mixed,25,138500,: 177 : 36,Single jelly-removebg-preview (1).png|Liquorice Swirl order.png,177|36,Somewhat easy,3,
633,43,Taffy_Tropics,Ingredients,21,50000,: 7,Gummi Dragon order.png,7,Very easy,1,
634,43,Taffy_Tropics,Jelly,22,75000,: 65 : 14,Single jelly-removebg-preview (1).png|Double jelly-removebg-preview.png,65|14,Easy,2,
635,43,Taffy_Tropics,Order,24,17000,: 56 : 60 : 36,One-layered Toffee Swirl.png|Bubblegum Pop order.png|Icing order new.png,56|60|36,Medium,4,
636,44,Glazed_Grove,Ingredients,28,330000,: 33,Gummi Dragon order.png,33,Medium,4,
637,44,Glazed_Grove,Mixed,19,110000,: 26 : 58 : 10,Single jelly-removebg-preview (1).png|Double jelly-removebg-preview.png|Gummi Dragon order.png,26|58|10,Very hard,7,
638,44,Glazed_Grove,Mixed,24,20000,: 45 : 14,Double jelly-removebg-preview.png|Yellowcandy order.png,45|14,Medium,4,
639,44,Glazed_Grove,Jelly,20,93500,: 218,Single jelly-removebg-preview (1).png,218,Nearly impossible,9,
640,44,Glazed_Grove,Order,23,12000,: 129,Multilayered frosting 2024 FTUE order.png,129,Very hard,7,
641,44,Glazed_Grove,Ingredients,21,50000,: 5,Gummi Dragon order.png,5,Very hard,7,
642,44,Glazed_Grove,Mixed,28,55000,: 91 : 4,Single jelly-removebg-preview (1).png|Gummi Dragon order.png,91|4,Hard,6,
643,44,Glazed_Grove,Order,26,20000,: 20,One-layered Toffee Swirl.png,20,Very hard,7,
644,44,Glazed_Grove,Ingredients,20,40000,: 6,Gummi Dragon order.png,6,Extremely hard,8,
645,44,Glazed_Grove,Mixed,23,177200,: 81 : 144,Double jelly-removebg-preview.png|One-layered Toffee Swirl.png,81|144,Nearly impossible,9,The difficulty of this level used to depend on where the ingredient spawned
646,44,Glazed_Grove,Jelly,20,100000,: 50,Double jelly-removebg-preview.png,50,Hard,6,
647,44,Glazed_Grove,Order,20,13000,: 44 : 30,Bubblegum Pop order.png|Multilayered frosting 2024 FTUE order.png,44|30,Very hard,7,
648,44,Glazed_Grove,Mixed,20,158000,: 51 : 3,Double jelly-removebg-preview.png|Gummi Dragon order.png,51|3,Hard,6,
649,44,Glazed_Grove,Jelly,21,132000,: 104 : 54,Single jelly-removebg-preview (1).png|Double jelly-removebg-preview.png,104|54,Nearly impossible,9,
650,44,Glazed_Grove,Order,30,11000,: 48 : 64,One-layered Toffee Swirl.png|Bubblegum Pop order.png,48|64,Extremely hard,8,
651,45,Fizzy_Falls,Ingredients,25,180000,: 18,Gummi Dragon order.png,18,Easy,2,
652,45,Fizzy_Falls,Jelly,20,160000,: 71,Double jelly-removebg-preview.png,71,Extremely hard,8,
653,45,Fizzy_Falls,Order,20,9000,: 44 : 10,Bubblegum Pop order.png|Icing order new.png,44|10,Very hard,7,
654,45,Fizzy_Falls,Order,20,20000,: 2,Gummi Dragon order.png,2,Extremely hard,8,
655,45,Fizzy_Falls,Jelly,21,96000,: 416,Single jelly-removebg-preview (1).png,416,Extremely hard,8,
656,45,Fizzy_Falls,Order,25,14300,: 108 : 38,One-layered Toffee Swirl.png|Bubblegum Pop order.png,108|38,Very hard,7,
657,45,Fizzy_Falls,Mixed,20,10000,: 66 : 70 : 47,Double jelly-removebg-preview.png|Icing order new.png|Bubblegum Pop order.png,66|70|47,Extremely hard,8,
658,45,Fizzy_Falls,Ingredients,25,300000,: 30,Gummi Dragon order.png,30,Very easy,1,
659,45,Fizzy_Falls,Order,20,30000,: 108 : 64 : 100,Icing order new.png|Bubblegum Pop order.png|Redcandy order.png,108|64|100,Extremely hard,8,
660,45,Fizzy_Falls,Mixed,20,131600,: 284 : 16 : 64,Single jelly-removebg-preview (1).png|One-layered Jelly Jar.png|One-layered Toffee Swirl.png,284|16|64,Nearly impossible,9,
661,45,Fizzy_Falls,Ingredients,20,80000,: 8,Gummi Dragon order.png,8,Somewhat easy,3,
662,45,Fizzy_Falls,Jelly,20,125000,: 17 : 54,Single jelly-removebg-preview (1).png|Double jelly-removebg-preview.png,17|54,Extremely hard,8,
663,45,Fizzy_Falls,Order,25,5000,: 50,One-layered Toffee Swirl.png,50,Somewhat easy,3,
664,45,Fizzy_Falls,Ingredients,21,50000,: 5,Gummi Dragon order.png,5,Very hard,7,
665,45,Fizzy_Falls,Mixed,25,174000,: 130 : 27 : 9,Single jelly-removebg-preview (1).png|Double jelly-removebg-preview.png|Gummi Dragon order.png,130|27|9,Extremely hard,8,
666,46,Crunchy_Courtyard,Order,25,18000,: 90 : 90,Bluecandy order.png|One-layered Toffee Swirl.png,90|90,Easy,2,
667,46,Crunchy_Courtyard,Jelly,20,150000,: 72,Double jelly-removebg-preview.png,72,Extremely hard,8,
668,46,Crunchy_Courtyard,Order,23,7500,: 85,Greencandy order.png,85,Easy,2,
669,46,Crunchy_Courtyard,Ingredients,22,40000,: 4,Gummi Dragon order.png,4,Extremely hard,8,
670,46,Crunchy_Courtyard,Order,20,15000,: 190,One-layered Toffee Swirl.png,190,Nearly impossible,9,
671,46,Crunchy_Courtyard,Jelly,23,116000,: 58,Double jelly-removebg-preview.png,58,Very hard,7,
672,46,Crunchy_Courtyard,Order,20,20000,: 200,Orangecandy order.png,200,Hard,6,
673,46,Crunchy_Courtyard,Ingredients,25,20000,: 2,Gummi Dragon order.png,2,Hard,6,
674,46,Crunchy_Courtyard,Order,20,22000,: 150 : 15,Purplecandy order.png|Color bomb (trans).png,150|15,Very hard,7,
675,46,Crunchy_Courtyard,Mixed,20,78100,: 63 : 180,Single jelly-removebg-preview (1).png|One-layered Toffee Swirl.png,63|180,Nearly impossible,9,
676,46,Crunchy_Courtyard,Ingredients,23,10000,: 1,Gummi Dragon order.png,1,Very hard,7,
677,46,Crunchy_Courtyard,Order,24,20000,: 175,Redcandy order.png,175,Extremely hard,8,
678,46,Crunchy_Courtyard,Mixed,25,135000,: 130 : 28 : 5,Single jelly-removebg-preview (1).png|Double jelly-removebg-preview.png|Gummi Dragon order.png,130|28|5,Somewhat hard,5,
679,46,Crunchy_Courtyard,Ingredients,20,230000,: 25,Gummi Dragon order.png,25,Extremely hard,8,
680,46,Crunchy_Courtyard,Order,20,20000,: 16 : 55 : 57,Yellowcandy order.png|Bubblegum Pop order.png|Icing order new.png,16|55|57,Extremely hard,8,
681,47,Choco_Rio_Grande,Jelly,25,168000,: 104 : 72,Single jelly-removebg-preview (1).png|Double jelly-removebg-preview.png,104|72,Very easy,1,
682,47,Choco_Rio_Grande,Mixed,24,210000,: 75 : 6,Double jelly-removebg-preview.png|Gummi Dragon order.png,75|6,Extremely hard,8,
683,47,Choco_Rio_Grande,Order,25,10000,: 100,Bubblegum Pop order.png,100,Very easy,1,
684,47,Choco_Rio_Grande,Jelly,29,155000,: 117 : 66,Single jelly-removebg-preview (1).png|Double jelly-removebg-preview.png,117|66,Extremely hard,8,
685,47,Choco_Rio_Grande,Mixed,21,24500,: 52 : 138,Single jelly-removebg-preview (1).png|One-layered Toffee Swirl.png,52|138,Extremely hard,8,
686,47,Choco_Rio_Grande,Ingredients,25,180000,: 18,Gummi Dragon order.png,18,Very easy,1,
687,47,Choco_Rio_Grande,Order,20,14000,: 60 : 50 : 30,Bubblegum Pop order.png|Purplecandy order.png|Chocolate order.png,60|50|30,Very hard,7,
688,47,Choco_Rio_Grande,Mixed,25,120000,: 20 : 30 : 6,Single jelly-removebg-preview (1).png|Double jelly-removebg-preview.png|Gummi Dragon order.png,20|30|6,Very easy,1,
689,47,Choco_Rio_Grande,Mixed,20,160000,: 75 : 133,Double jelly-removebg-preview.png|One-layered Toffee Swirl.png,75|133,Extremely hard,8,
690,47,Choco_Rio_Grande,Jelly,24,45000,: 390,Single jelly-removebg-preview (1).png,390,Extremely hard,8,
691,47,Choco_Rio_Grande,Order,25,9700,: 1 : 80 : 16,Cake Bomb order.png|Multilayered frosting 2024 FTUE order.png|Liquorice Swirl order.png,1|80|16,Easy,2,
692,47,Choco_Rio_Grande,Mixed,23,190000,: 208 : 63 : 2,Single jelly-removebg-preview (1).png|Double jelly-removebg-preview.png|Gummi Dragon order.png,208|63|2,Extremely hard,8,
693,47,Choco_Rio_Grande,Ingredients,30,60000,: 6,Gummi Dragon order.png,6,Easy,2,
694,47,Choco_Rio_Grande,Jelly,24,145000,: 60 : 50,Single jelly-removebg-preview (1).png|Double jelly-removebg-preview.png,60|50,Very hard,7,
695,47,Choco_Rio_Grande,Order,22,18000,: 120 : 35,Multilayered frosting 2024 FTUE order.png|Liquorice Swirl order.png,120|35,Nearly impossible,9,
696,48,Toffee_Tower,Ingredients,20,40000,: 4,Gummi Dragon order.png,4,Very hard,7,Formerly had the most moves in the game
697,48,Toffee_Tower,Jelly,21,141000,: 13 : 69,Single jelly-removebg-preview (1).png|Double jelly-removebg-preview.png,13|69,Nearly impossible,9,
698,48,Toffee_Tower,Order,25,10000,: 5 : 100,Chocolate order.png|Bluecandy order.png,5|100,Easy,2,
699,48,Toffee_Tower,Mixed,20,168000,: 64 : 4,Double jelly-removebg-preview.png|Gummi Dragon order.png,64|4,Very hard,7,
700,48,Toffee_Tower,Mixed,35,120000,: 52 : 56 : 10 : 10,Single jelly-removebg-preview (1).png|Double jelly-removebg-preview.png|Jelly Fish order 2.png|Chocolate order.png,52|56|10|10,Very hard,7,
701,48,Toffee_Tower,Ingredients,28,240000,: 24,Gummi Dragon order.png,24,Somewhat hard,5,
702,48,Toffee_Tower,Order,19,5800,: 35 : 48 : 47,Bubblegum Pop order.png|Icing order new.png|One-layered Toffee Swirl.png,35|48|47,Extremely hard,8,
703,48,Toffee_Tower,Jelly,20,91000,: 39 : 41,Single jelly-removebg-preview (1).png|Double jelly-removebg-preview.png,39|41,Variable,,
704,48,Toffee_Tower,Mixed,20,120000,: 64 : 120,Double jelly-removebg-preview.png|One-layered Toffee Swirl.png,64|120,Nearly impossible,9,
705,48,Toffee_Tower,Mixed,23,165000,: 69 : 3,Double jelly-removebg-preview.png|Gummi Dragon order.png,69|3,Nearly impossible,9,
706,48,Toffee_Tower,Order,25,11500,: 75 : 40,Bubblegum Pop order.png|One-layered Toffee Swirl.png,75|40,Easy,2,
707,48,Toffee_Tower,Mixed,20,154500,: 39 : 69 : 67,Single jelly-removebg-preview (1).png|Double jelly-removebg-preview.png|One-layered Toffee Swirl.png,39|69|67,Nearly impossible,9,
708,48,Toffee_Tower,Ingredients,23,30000,: 3,Gummi Dragon order.png,3,Hard,6,
709,48,Toffee_Tower,Jelly,21,150000,: 78,Double jelly-removebg-preview.png,78,Nearly impossible,9,
710,48,Toffee_Tower,Order,20,1200,: 12 : 48,Liquorice Swirl order.png|Icing order new.png,12|48,Extremely hard,8,
711,49,Boneyard_Bonanza,Ingredients,20,10000,: 3,Gummi Dragon order.png,3,Very easy,1,are introduced
712,49,Boneyard_Bonanza,Order,30,8000,: 80,Rainbow Twist order.png,80,Very easy,1,
713,49,Boneyard_Bonanza,Jelly,28,10000,: 55 : 2,Single jelly-removebg-preview (1).png|Double jelly-removebg-preview.png,55|2,Very easy,1,Was almost impossible to earn three stars.
714,49,Boneyard_Bonanza,Mixed,23,180000,: 66 : 5,Double jelly-removebg-preview.png|Gummi Dragon order.png,66|5,Extremely hard,8,
715,49,Boneyard_Bonanza,Order,24,6800,: 68,Multilayered frosting 2024 FTUE order.png,68,Nearly impossible,9,
716,49,Boneyard_Bonanza,Ingredients,28,30000,: 3,Gummi Dragon order.png,3,Very easy,1,
717,49,Boneyard_Bonanza,Jelly,20,80000,: 26 : 44,Single jelly-removebg-preview (1).png|Double jelly-removebg-preview.png,26|44,Extremely hard,8,
718,49,Boneyard_Bonanza,Mixed,23,130000,: 65 : 10,Double jelly-removebg-preview.png|Jelly Fish order 2.png,65|10,Very hard,7,
719,49,Boneyard_Bonanza,Ingredients,19,40000,: 4,Gummi Dragon order.png,4,Extremely hard,8,
720,49,Boneyard_Bonanza,Order,23,21700,: 160 : 17,One-layered Toffee Swirl.png|Liquorice Swirl order.png,160|17,Somewhat hard,5,
721,49,Boneyard_Bonanza,Mixed,25,99000,: 25 : 27 : 2,Single jelly-removebg-preview (1).png|Double jelly-removebg-preview.png|Gummi Dragon order.png,25|27|2,Somewhat easy,3,
722,49,Boneyard_Bonanza,Mixed,23,188500,: 65 : 81 : 103,Single jelly-removebg-preview (1).png|Double jelly-removebg-preview.png|One-layered Toffee Swirl.png,65|81|103,Nearly impossible,9,
723,49,Boneyard_Bonanza,Ingredients,24,50000,: 5,Gummi Dragon order.png,5,Very hard,7,
724,49,Boneyard_Bonanza,Jelly,20,70500,: 102,Single jelly-removebg-preview (1).png,102,Very hard,7,
725,49,Boneyard_Bonanza,Order,28,15000,: 151,One-layered Toffee Swirl.png,151,Nearly impossible,9,The last Timed level that was released in 2014
726,50,Marshmallow_Mountains,Ingredients,24,20000,: 8,Gummi Dragon order.png,8,Hard,6,
727,50,Marshmallow_Mountains,Mixed,25,110000,: 45 : 2,Double jelly-removebg-preview.png|Gummi Dragon order.png,45|2,Extremely hard,8,
728,50,Marshmallow_Mountains,Order,21,50000,: 500,Redcandy order.png,500,Easy,2,
729,50,Marshmallow_Mountains,Jelly,24,142000,: 71,Double jelly-removebg-preview.png,71,Extremely hard,8,
730,50,Marshmallow_Mountains,Mixed,27,12100,: 52 : 61,Single jelly-removebg-preview (1).png|Liquorice Swirl order.png,52|61,Nearly impossible,9,
731,50,Marshmallow_Mountains,Ingredients,20,140000,: 14,Gummi Dragon order.png,14,Hard,6,
732,50,Marshmallow_Mountains,Mixed,20,190000,: 76 : 4,Double jelly-removebg-preview.png|Gummi Dragon order.png,76|4,Extremely hard,8,
733,50,Marshmallow_Mountains,Order,25,5000,: 8 : 38,Chocolate order.png|Icing order new.png,8|38,Hard,6,
734,50,Marshmallow_Mountains,Ingredients,26,380000,: 38,Gummi Dragon order.png,38,Very hard,7,Formerly one of the hardest levels in the game.
735,50,Marshmallow_Mountains,Mixed,22,130000,: 39 : 135 : 132,Single jelly-removebg-preview (1).png|Double jelly-removebg-preview.png|One-layered Toffee Swirl.png,39|135|132,Extremely hard,8,Former hardest moves level
736,50,Marshmallow_Mountains,Jelly,25,83000,: 120 : 13,Single jelly-removebg-preview (1).png|Double jelly-removebg-preview.png,120|13,Extremely hard,8,
737,50,Marshmallow_Mountains,Order,19,22200,: 78 : 134,Rainbow Twist order.png|Bubblegum Pop order.png,78|134,Extremely hard,8,
738,50,Marshmallow_Mountains,Mixed,28,320000,: 40 : 24,Double jelly-removebg-preview.png|Gummi Dragon order.png,40|24,Hard,6,
739,50,Marshmallow_Mountains,Jelly,19,146500,: 104 : 62,Single jelly-removebg-preview (1).png|Double jelly-removebg-preview.png,104|62,Very hard,7,
740,50,Marshmallow_Mountains,Order,28,13000,: 51 : 39,One-layered Toffee Swirl.png|Icing order new.png,51|39,Extremely hard,8,
741,51,Marmalade_Meadow,Ingredients,20,40000,: 4,Gummi Dragon order.png,4,Medium,4,
742,51,Marmalade_Meadow,Jelly,20,145000,: 39 : 69,Single jelly-removebg-preview (1).png|Double jelly-removebg-preview.png,39|69,Nearly impossible,9,
743,51,Marmalade_Meadow,Order,25,7800,: 16 : 42,Liquorice Swirl order.png|Multilayered frosting 2024 FTUE order.png,16|42,Very easy,1,
744,51,Marmalade_Meadow,Mixed,30,200000,: 73 : 7,Double jelly-removebg-preview.png|Gummi Dragon order.png,73|7,Medium,4,
745,51,Marmalade_Meadow,Jelly,24,159000,: 39 : 75,Single jelly-removebg-preview (1).png|Double jelly-removebg-preview.png,39|75,Extremely hard,8,
746,51,Marmalade_Meadow,Order,21,4900,: 7 : 14 : 30,Yellowcandy order.png|One-layered Toffee Swirl.png|Multilayered frosting 2024 FTUE order.png,7|14|30,Extremely hard,8,
747,51,Marmalade_Meadow,Mixed,21,138800,: 63 : 116,Double jelly-removebg-preview.png|One-layered Toffee Swirl.png,63|116,Very hard,7,
748,51,Marmalade_Meadow,Jelly,25,30000,: 3,Gummi Dragon order.png,3,Hard,6,
749,51,Marmalade_Meadow,Mixed,23,171000,: 130 : 69 : 10 : 15,Single jelly-removebg-preview (1).png|Double jelly-removebg-preview.png|One-layered Jelly Jar.png|One-layered Toffee Swirl.png,130|69|10|15,Extremely hard,8,
750,51,Marmalade_Meadow,Order,25,17700,: 95 : 74,Rainbow Twist order.png|One-layered Toffee Swirl.png,95|74,Extremely hard,8,
751,51,Marmalade_Meadow,Ingredients,25,150000,: 15,Gummi Dragon order.png,15,Medium,4,
752,51,Marmalade_Meadow,Jelly,21,140000,: 71,Double jelly-removebg-preview.png,71,Extremely hard,8,
753,51,Marmalade_Meadow,Order,25,9000,: 90,Rainbow Twist order.png,90,Very hard,7,
754,51,Marmalade_Meadow,Mixed,23,59500,: 221 : 20 : 65,Single jelly-removebg-preview (1).png|Liquorice Swirl order.png|One-layered Toffee Swirl.png,221|20|65,Extremely hard,8,
755,51,Marmalade_Meadow,Mixed,23,180000,: 59 : 2,Double jelly-removebg-preview.png|Gummi Dragon order.png,59|2,Very hard,7,
756,52,Chewy_Citadel,Ingredients,20,170000,: 20,Gummi Dragon order.png,20,Somewhat easy,3,
757,52,Chewy_Citadel,Jelly,20,89000,: 101 : 19,Single jelly-removebg-preview (1).png|Double jelly-removebg-preview.png,101|19,Hard,6,
758,52,Chewy_Citadel,Order,23,13000,: 100 : 30,One-layered Toffee Swirl.png|Bubblegum Pop order.png,100|30,Very easy,1,
759,52,Chewy_Citadel,Mixed,21,172000,: 72 : 3,Double jelly-removebg-preview.png|Gummi Dragon order.png,72|3,Nearly impossible,9,
760,52,Chewy_Citadel,Mixed,21,32500,: 104 : 51,Single jelly-removebg-preview (1).png|One-layered Toffee Swirl.png,104|51,Extremely hard,8,
761,52,Chewy_Citadel,Ingredients,25,160000,: 16,Gummi Dragon order.png,16,Somewhat easy,3,
762,52,Chewy_Citadel,Order,23,13200,: 132,One-layered Toffee Swirl.png,132,Extremely hard,8,
763,52,Chewy_Citadel,Jelly,21,126000,: 9 : 58,Single jelly-removebg-preview (1).png|Double jelly-removebg-preview.png,9|58,Easy,2,
764,52,Chewy_Citadel,Mixed,22,115000,: 58 : 10,Double jelly-removebg-preview.png|Jelly Fish order 2.png,58|10,Nearly impossible,9,
765,52,Chewy_Citadel,Mixed,25,170000,: 61 : 4,Double jelly-removebg-preview.png|Gummi Dragon order.png,61|4,Somewhat easy,3,
766,52,Chewy_Citadel,Order,27,4000,: 41,Liquorice Swirl order.png,41,Easy,2,
767,52,Chewy_Citadel,Mixed,21,176000,: 81 : 175,Double jelly-removebg-preview.png|One-layered Toffee Swirl.png,81|175,Nearly impossible,9,
768,52,Chewy_Citadel,Ingredients,27,170000,: 17,Gummi Dragon order.png,17,Somewhat easy,3,
769,52,Chewy_Citadel,Jelly,20,108000,: 130 : 39,Single jelly-removebg-preview (1).png|Double jelly-removebg-preview.png,130|39,Nearly impossible,9,
770,52,Chewy_Citadel,Order,22,24000,: 132 : 84,One-layered Toffee Swirl.png|Bubblegum Pop order.png,132|84,Extremely hard,8,
771,53,Eggnog_Emporium,Ingredients,26,40000,: 4,Gummi Dragon order.png,4,Easy,2,was introducedThis level used to be a moves level
772,53,Eggnog_Emporium,Mixed,20,202000,: 108 : 35 : 5,Single jelly-removebg-preview (1).png|Double jelly-removebg-preview.png|Gummi Dragon order.png,108|35|5,Somewhat easy,3,
773,53,Eggnog_Emporium,Order,20,19000,: 85 : 85,Bubblegum Pop order.png|Liquorice Swirl order.png,85|85,Very easy,1,
774,53,Eggnog_Emporium,Jelly,24,120000,: 63,Double jelly-removebg-preview.png,63,Hard,6,
775,53,Eggnog_Emporium,Mixed,21,140000,: 69 : 20 : 10,Double jelly-removebg-preview.png|Jelly Fish order 2.png|Liquorice Swirl order.png,69|20|10,Nearly impossible,9,
776,53,Eggnog_Emporium,Ingredients,20,160000,: 16,Gummi Dragon order.png,16,Medium,4,
777,53,Eggnog_Emporium,Mixed,21,170000,: 46 : 8,Double jelly-removebg-preview.png|Gummi Dragon order.png,46|8,Medium,4,
778,53,Eggnog_Emporium,Order,25,10000,: 5,Color bomb (trans).png,5,Somewhat easy,3,
779,53,Eggnog_Emporium,Ingredients,21,140000,: 14,Gummi Dragon order.png,14,Somewhat easy,3,
780,53,Eggnog_Emporium,Mixed,25,103400,: 91 : 31 : 80,Single jelly-removebg-preview (1).png|Double jelly-removebg-preview.png|One-layered Toffee Swirl.png,91|31|80,Nearly impossible,9,
781,53,Eggnog_Emporium,Jelly,24,15000,: 65,Single jelly-removebg-preview (1).png,65,Easy,2,
782,53,Eggnog_Emporium,Order,22,5000,: 60,Bubblegum Pop order.png,60,Extremely hard,8,
783,53,Eggnog_Emporium,Mixed,25,50000,: 25 : 8 : 1,Single jelly-removebg-preview (1).png|Double jelly-removebg-preview.png|Gummi Dragon order.png,25|8|1,Easy,2,
784,53,Eggnog_Emporium,Jelly,32,100000,: 13 : 57,Single jelly-removebg-preview (1).png|Double jelly-removebg-preview.png,13|57,Extremely hard,8,
785,53,Eggnog_Emporium,Order,23,11300,: 55,One-layered Toffee Swirl.png,55,Nearly impossible,9,
786,54,Fudge_Fjord,Jelly,25,41000,: 179,Single jelly-removebg-preview (1).png,179,Hard,6,
787,54,Fudge_Fjord,Mixed,24,220000,: 70 : 8,Double jelly-removebg-preview.png|Gummi Dragon order.png,70|8,Extremely hard,8,
788,54,Fudge_Fjord,Order,25,8200,: 12 : 40 : 30,Yellowcandy order.png|Bubblegum Pop order.png|Liquorice Swirl order.png,12|40|30,Very easy,1,
789,54,Fudge_Fjord,Jelly,35,140000,: 72,Double jelly-removebg-preview.png,72,Hard,6,
790,54,Fudge_Fjord,Mixed,20,70300,: 169 : 16 : 13 : 72,Single jelly-removebg-preview (1).png|Double jelly-removebg-preview.png|Yellowcandy order.png|One-layered Toffee Swirl.png,169|16|13|72,Nearly impossible,9,
791,54,Fudge_Fjord,Ingredients,25,160000,: 16,Gummi Dragon order.png,16,Very easy,1,
792,54,Fudge_Fjord,Order,20,10100,: 95 : 6,Multilayered frosting 2024 FTUE order.png|Liquorice Swirl order.png,95|6,Extremely hard,8,Last moves level that was released in 2014
793,54,Fudge_Fjord,Mixed,25,154000,: 55 : 2,Single jelly-removebg-preview (1).png|Gummi Dragon order.png,55|2,Extremely hard,8,
794,54,Fudge_Fjord,Mixed,24,133200,: 61 : 62 : 9,Double jelly-removebg-preview.png|One-layered Toffee Swirl.png|Liquorice Swirl order.png,61|62|9,Extremely hard,8,
795,54,Fudge_Fjord,Jelly,20,98000,: 49,Double jelly-removebg-preview.png,49,Extremely hard,8,Formerly last Candy Order level that was released in 2014
796,54,Fudge_Fjord,Order,25,11300,: 69 : 4 : 23,Bubblegum Pop order.png|Yellowcandy order.png|Multilayered frosting 2024 FTUE order.png,69|4|23,Medium,4,
797,54,Fudge_Fjord,Mixed,20,176000,: 68 : 4,Double jelly-removebg-preview.png|Gummi Dragon order.png,68|4,Extremely hard,8,
798,54,Fudge_Fjord,Ingredients,25,10000,: 1,Gummi Dragon order.png,1,Medium,4,Last Ingredients level that was released in 2014
799,54,Fudge_Fjord,Jelly,23,106000,: 53,Double jelly-removebg-preview.png,53,Somewhat hard,5,
800,54,Fudge_Fjord,Order,31,13900,: 125 : 14,Multilayered frosting 2024 FTUE order.png|Yellowcandy order.png,125|14,Extremely hard,8,Last Jelly and Reality level that was released in 2014
801,55,Caramel_Clearing,Jelly,23,78000,: 39,Double jelly-removebg-preview.png,39,Hard,6,First Reality level that was released in 2015 and introduction of liquorice shell
802,55,Caramel_Clearing,Ingredients,23,40000,: 2,Gummi Dragon order.png,2,Extremely hard,8,
803,55,Caramel_Clearing,Jelly,17,200000,: 77,Double jelly-removebg-preview.png,77,Hard,6,
804,55,Caramel_Clearing,Jelly,25,30000,: 15,Double jelly-removebg-preview.png,15,Somewhat easy,3,
805,55,Caramel_Clearing,Mixed,23,84000,: 32 : 2,Double jelly-removebg-preview.png|Gummi Dragon order.png,32|2,Somewhat easy,3,
806,55,Caramel_Clearing,Order,28,65000,: 110 : 110,Greencandy order.png|Bluecandy order.png,110|110,Somewhat hard,5,
807,55,Caramel_Clearing,Order,26,30000,: 15 : 15,Wrapped2 (trans).png|Striped2 (trans).png,15|15,Hard,6,
808,55,Caramel_Clearing,Jelly,30,44000,: 4 : 33,Single jelly-removebg-preview (1).png|Double jelly-removebg-preview.png,4|33,Medium,4,
809,55,Caramel_Clearing,Jelly,37,40000,: 15 : 16,Single jelly-removebg-preview (1).png|Double jelly-removebg-preview.png,15|16,Medium,4,
810,55,Caramel_Clearing,Jelly,33,52000,: 6 : 23,Single jelly-removebg-preview (1).png|Double jelly-removebg-preview.png,6|23,Medium,4,
811,55,Caramel_Clearing,Ingredients,20,40000,: 4,Gummi Dragon order.png,4,Very easy,1,
812,55,Caramel_Clearing,Ingredients,20,15000,: 1,Gummi Dragon order.png,1,Very hard,7,
813,55,Caramel_Clearing,Ingredients,35,40000,: 3,Gummi Dragon order.png,3,Somewhat easy,3,
814,55,Caramel_Clearing,Jelly,25,66000,: 81,Double jelly-removebg-preview.png,81,Somewhat hard,5,
815,55,Caramel_Clearing,Jelly,26,100000,: 50,Double jelly-removebg-preview.png,50,Somewhat easy,3,Introduction of second stage liquorice shell
816,56,Candy_Calaboose,Jelly,35,70000,: 47,Double jelly-removebg-preview.png,47,Easy,2,
817,56,Candy_Calaboose,Ingredients,29,20000,: 2,Gummi Dragon order.png,2,Very easy,1,
818,56,Candy_Calaboose,Ingredients,21,20000,: 3,Gummi Dragon order.png,3,Somewhat easy,3,
819,56,Candy_Calaboose,Order,24,15000,: 99 : 10,Redcandy order.png|Wrapped2 (trans).png,99|10,Extremely hard,8,
820,56,Candy_Calaboose,Order,25,50000,: 13 : 7,Wrapped2 (trans).png|Color bomb (trans).png,13|7,Hard,6,
821,56,Candy_Calaboose,Order,24,50000,: 20 : 15 : 5,Striped2 (trans).png|Wrapped2 (trans).png|Color bomb (trans).png,20|15|5,Somewhat hard,5,
822,56,Candy_Calaboose,Jelly,25,30000,: 45,Single jelly-removebg-preview (1).png,45,Very easy,1,
823,56,Candy_Calaboose,Jelly,20,100000,: 32 : 44,Single jelly-removebg-preview (1).png|Double jelly-removebg-preview.png,32|44,Very easy,1,
824,56,Candy_Calaboose,Order,29,50000,: 30,Striped2 (trans).png,30,Easy,2,
825,56,Candy_Calaboose,Ingredients,29,30000,: 3,Gummi Dragon order.png,3,Easy,2,
826,56,Candy_Calaboose,Jelly,20,30000,: 4 : 26,Single jelly-removebg-preview (1).png|Double jelly-removebg-preview.png,4|26,Somewhat hard,5,
827,56,Candy_Calaboose,Jelly,25,18000,: 2 : 50,Single jelly-removebg-preview (1).png|Double jelly-removebg-preview.png,2|50,Easy,2,
828,56,Candy_Calaboose,Ingredients,23,10000,: 4,Gummi Dragon order.png,4,Very easy,1,
829,56,Candy_Calaboose,Order,23,10000,: 50 : 60,One-layered Toffee Swirl.png|Icing order new.png,50|60,Medium,4,Formerly one of the hardest levels in the game
830,56,Candy_Calaboose,Jelly,20,25000,: 27,Double jelly-removebg-preview.png,27,Extremely hard,8,
831,57,Nougat_Noir,Jelly,28,48000,: 24,Double jelly-removebg-preview.png,24,Easy,2,
832,57,Nougat_Noir,Ingredients,27,85000,: 1,Gummi Dragon order.png,1,Medium,4,
833,57,Nougat_Noir,Jelly,23,36000,: 64,Double jelly-removebg-preview.png,64,Hard,6,
834,57,Nougat_Noir,Order,27,35000,: 6,Color bomb (trans).png,6,Somewhat hard,5,
835,57,Nougat_Noir,Jelly,27,74000,: 2 : 36,Single jelly-removebg-preview (1).png|Double jelly-removebg-preview.png,2|36,Somewhat easy,3,
836,57,Nougat_Noir,Ingredients,20,40000,: 4,Gummi Dragon order.png,4,Very easy,1,
837,57,Nougat_Noir,Ingredients,26,35000,: 3,Gummi Dragon order.png,3,Easy,2,
838,57,Nougat_Noir,Jelly,20,56000,: 28,Double jelly-removebg-preview.png,28,Medium,4,
839,57,Nougat_Noir,Jelly,33,32000,: 25,Double jelly-removebg-preview.png,25,Medium,4,
840,57,Nougat_Noir,Jelly,30,40000,: 16 : 16,Single jelly-removebg-preview (1).png|Double jelly-removebg-preview.png,16|16,Somewhat hard,5,
841,57,Nougat_Noir,Ingredients,32,40000,: 4,Gummi Dragon order.png,4,Hard,6,
842,57,Nougat_Noir,Order,21,45000,: 10,Color bomb (trans).png,10,Somewhat hard,5,
843,57,Nougat_Noir,Jelly,13,25000,: 29,Double jelly-removebg-preview.png,29,Hard,6,
844,57,Nougat_Noir,Jelly,20,24000,: 12,Double jelly-removebg-preview.png,12,Very easy,1,
845,57,Nougat_Noir,Jelly,20,50000,: 35,Double jelly-removebg-preview.png,35,Very hard,7,
846,58,Gummy_Galaxy,Jelly,19,80000,: 72,Double jelly-removebg-preview.png,72,Easy,2,is officially introduced
847,58,Gummy_Galaxy,Jelly,30,100000,: 1 : 71,Single jelly-removebg-preview (1).png|Double jelly-removebg-preview.png,1|71,Somewhat easy,3,
848,58,Gummy_Galaxy,Order,31,30000,: 23,Wrapped2 (trans).png,23,Medium,4,
849,58,Gummy_Galaxy,Ingredients,22,40000,: 2,Gummi Dragon order.png,2,Somewhat hard,5,
850,58,Gummy_Galaxy,Jelly,22,90000,: 10 : 37,Single jelly-removebg-preview (1).png|Double jelly-removebg-preview.png,10|37,Hard,6,
851,58,Gummy_Galaxy,Ingredients,22,50000,: 4,Gummi Dragon order.png,4,Somewhat hard,5,
852,58,Gummy_Galaxy,Jelly,29,45000,: 39 : 29,Single jelly-removebg-preview (1).png|Double jelly-removebg-preview.png,39|29,Medium,4,
853,58,Gummy_Galaxy,Ingredients,22,50000,: 4,Gummi Dragon order.png,4,Somewhat easy,3,
854,58,Gummy_Galaxy,Jelly,11,64000,: 32,Double jelly-removebg-preview.png,32,Very hard,7,
855,58,Gummy_Galaxy,Jelly,33,100000,: 48 : 33,Single jelly-removebg-preview (1).png|Double jelly-removebg-preview.png,48|33,Easy,2,
856,58,Gummy_Galaxy,Jelly,27,35000,: 24,Double jelly-removebg-preview.png,24,Hard,6,
857,58,Gummy_Galaxy,Ingredients,13,10000,: 2,Gummi Dragon order.png,2,Hard,6,
858,58,Gummy_Galaxy,Ingredients,26,20000,: 3,Gummi Dragon order.png,3,Hard,6,
859,58,Gummy_Galaxy,Order,19,30000,: 10 : 20,Wrapped2 (trans).png|Striped2 (trans).png,10|20,Very hard,7,
860,58,Gummy_Galaxy,Order,25,50000,: 25,Wrapped2 (trans).png,25,Extremely hard,8,
861,59,Truffle_Terrace,Jelly,24,36000,: 18,Double jelly-removebg-preview.png,18,Somewhat easy,3,
862,59,Truffle_Terrace,Jelly,16,120000,: 60,Double jelly-removebg-preview.png,60,Hard,6,
863,59,Truffle_Terrace,Ingredients,15,35000,: 2,Gummi Dragon order.png,2,Very hard,7,
864,59,Truffle_Terrace,Jelly,30,44000,: 22,Double jelly-removebg-preview.png,22,Hard,6,
865,59,Truffle_Terrace,Jelly,25,94000,: 4 : 45,Single jelly-removebg-preview (1).png|Double jelly-removebg-preview.png,4|45,Somewhat hard,5,
866,59,Truffle_Terrace,Jelly,32,60000,: 26,Double jelly-removebg-preview.png,26,Hard,6,
867,59,Truffle_Terrace,Jelly,25,25000,: 17,Double jelly-removebg-preview.png,17,Easy,2,
868,59,Truffle_Terrace,Ingredients,40,40000,: 2,Gummi Dragon order.png,2,Somewhat hard,5,
869,59,Truffle_Terrace,Jelly,33,45000,: 22,Double jelly-removebg-preview.png,22,Somewhat hard,5,
870,59,Truffle_Terrace,Order,34,150000,: 1 : 10 : 3,Colourbomb colourbomb (trans).png|Wrapped2 (trans).png|Color bomb (trans).png,1|10|3,Hard,6,
871,59,Truffle_Terrace,Ingredients,24,90000,: 5,Gummi Dragon order.png,5,Medium,4,
872,59,Truffle_Terrace,Ingredients,24,25000,: 9,Gummi Dragon order.png,9,Somewhat hard,5,
873,59,Truffle_Terrace,Jelly,30,35000,: 10 : 36,Single jelly-removebg-preview (1).png|Double jelly-removebg-preview.png,10|36,Somewhat easy,3,
874,59,Truffle_Terrace,Jelly,15,76000,: 16 : 35,Single jelly-removebg-preview (1).png|Double jelly-removebg-preview.png,16|35,Very hard,7,
875,59,Truffle_Terrace,Jelly,27,10000,: 16 : 45,Single jelly-removebg-preview (1).png|Double jelly-removebg-preview.png,16|45,Somewhat hard,5,
876,60,Coco_Crossroads,Jelly,25,50000,: 10 : 43,Single jelly-removebg-preview (1).png|Double jelly-removebg-preview.png,10|43,Easy,2,
877,60,Coco_Crossroads,Jelly,20,38000,: 15,Single jelly-removebg-preview (1).png,15,Very easy,1,
878,60,Coco_Crossroads,Jelly,20,50000,: 74,Double jelly-removebg-preview.png,74,Somewhat hard,5,
879,60,Coco_Crossroads,Ingredients,34,50000,: 3,Gummi Dragon order.png,3,Very easy,1,
880,60,Coco_Crossroads,Jelly,35,70000,: 81,Double jelly-removebg-preview.png,81,Somewhat easy,3,Used to be the level with the highest one star target score for Reality
881,60,Coco_Crossroads,Jelly,13,100000,: 60,Double jelly-removebg-preview.png,60,Extremely hard,8,Toffee tornadoes returned after their appearance drought of 416 levels before being removed altogether
882,60,Coco_Crossroads,Jelly,30,80000,: 49,Double jelly-removebg-preview.png,49,Somewhat easy,3,
883,60,Coco_Crossroads,Order,15,10000,: 50,Purplecandy order.png,50,Easy,2,
884,60,Coco_Crossroads,Ingredients,22,10000,: 4,Gummi Dragon order.png,4,Somewhat easy,3,
885,60,Coco_Crossroads,Order,27,100000,: 18,Striped2 (trans).png,18,Medium,4,
886,60,Coco_Crossroads,Ingredients,19,10000,: 5,Gummi Dragon order.png,5,Hard,6,
887,60,Coco_Crossroads,Jelly,14,30000,: 32 : 32,Single jelly-removebg-preview (1).png|Double jelly-removebg-preview.png,32|32,Extremely hard,8,
888,60,Coco_Crossroads,Jelly,30,111000,: 4 : 51,Single jelly-removebg-preview (1).png|Double jelly-removebg-preview.png,4|51,Easy,2,
889,60,Coco_Crossroads,Order,23,25000,: 15,Wrapped2 (trans).png,15,Easy,2,
890,60,Coco_Crossroads,Ingredients,25,20000,: 2,Gummi Dragon order.png,2,Medium,4,
891,61,Crumbly_Coast,Jelly,30,134000,: 67,Double jelly-removebg-preview.png,67,Easy,2,
892,61,Crumbly_Coast,Ingredients,35,50000,: 10,Gummi Dragon order.png,10,Somewhat easy,3,
893,61,Crumbly_Coast,Ingredients,12,60000,: 5,Gummi Dragon order.png,5,Hard,6,
894,61,Crumbly_Coast,Order,31,60000,: 55 : 14 : 7,Purplecandy order.png|Striped2 (trans).png|Wrapped2 (trans).png,55|14|7,Very easy,1,
895,61,Crumbly_Coast,Ingredients,24,45000,: 3,Gummi Dragon order.png,3,Very easy,1,
896,61,Crumbly_Coast,Jelly,15,350000,: 81,Double jelly-removebg-preview.png,81,Very hard,7,
897,61,Crumbly_Coast,Ingredients,16,120000,: 12,Gummi Dragon order.png,12,Hard,6,
898,61,Crumbly_Coast,Jelly,26,300000,: 72,Double jelly-removebg-preview.png,72,Somewhat easy,3,
899,61,Crumbly_Coast,Order,22,195000,: 8 : 250 : 250,Licoriceshell1.png|Bluecandy order.png|Orangecandy order.png,8|250|250,Medium,4,
900,61,Crumbly_Coast,Order,22,55000,: 66 : 10,Multilayered frosting 2024 FTUE order.png|Chocolate order.png,66|10,Extremely hard,8,
901,61,Crumbly_Coast,Order,23,50000,: 75 : 75 : 75,Bluecandy order.png|Purplecandy order.png|Orangecandy order.png,75|75|75,Easy,2,
902,61,Crumbly_Coast,Jelly,27,220000,: 52,Double jelly-removebg-preview.png,52,Extremely hard,8,
903,61,Crumbly_Coast,Ingredients,30,80000,: 8,Gummi Dragon order.png,8,Easy,2,
904,61,Crumbly_Coast,Unknown,20,50000,: 13 : 8 : 61,Wrapped2 (trans).png|Striped2 (trans).png|Bluecandy order.png,13|8|61,Hard,6,
905,61,Crumbly_Coast,Jelly,35,300000,: 69,Double jelly-removebg-preview.png,69,Variable,,
906,62,Polka_Park,Jelly,35,100000,: 53,Double jelly-removebg-preview.png,53,Easy,2,
907,62,Polka_Park,Jelly,22,57000,: 56,Double jelly-removebg-preview.png,56,Somewhat hard,5,
908,62,Polka_Park,Jelly,28,50000,: 33,Double jelly-removebg-preview.png,33,Hard,6,
909,62,Polka_Park,Ingredients,23,30000,: 3,Gummi Dragon order.png,3,Easy,2,
910,62,Polka_Park,Ingredients,28,100000,: 5,Gummi Dragon order.png,5,Somewhat hard,5,"This level used to have the highest three star target, at 9,000,000 points."
911,62,Polka_Park,Order,20,25000,: 70 : 35,Bluecandy order.png|Liquorice Swirl order.png,70|35,Somewhat hard,5,
912,62,Polka_Park,Jelly,29,71000,: 71,Double jelly-removebg-preview.png,71,Medium,4,
913,62,Polka_Park,Jelly,25,49000,: 4 : 45,Single jelly-removebg-preview (1).png|Double jelly-removebg-preview.png,4|45,Somewhat easy,3,
914,62,Polka_Park,Jelly,34,42000,: 13 : 8,Single jelly-removebg-preview (1).png|Double jelly-removebg-preview.png,13|8,Somewhat easy,3,
915,62,Polka_Park,Ingredients,15,50000,: 2,Gummi Dragon order.png,2,Extremely hard,8,
916,62,Polka_Park,Order,27,60000,: 9 : 4 : 3,Striped2 (trans).png|Wrapped2 (trans).png|Color bomb (trans).png,9|4|3,Easy,2,
917,62,Polka_Park,Ingredients,18,20000,: 8,Gummi Dragon order.png,8,Extremely hard,8,
918,62,Polka_Park,Jelly,23,280000,: 45,Double jelly-removebg-preview.png,45,Medium,4,
919,62,Polka_Park,Ingredients,25,40000,: 4,Gummi Dragon order.png,4,Somewhat easy,3,
920,62,Polka_Park,Jelly,26,40000,: 34 : 29,Single jelly-removebg-preview (1).png|Double jelly-removebg-preview.png,34|29,Medium,4,
921,63,Delectable_Depths,Jelly,26,10000,: 52,Double jelly-removebg-preview.png,52,Medium,4,
922,63,Delectable_Depths,Order,29,150000,: 14 : 9 : 18,Wrapped2 (trans).png|Color bomb (trans).png|Striped2 (trans).png,14|9|18,Somewhat easy,3,
923,63,Delectable_Depths,Ingredients,20,100000,: 1,Gummi Dragon order.png,1,Medium,4,
924,63,Delectable_Depths,Jelly,35,70000,: 4 : 33,Single jelly-removebg-preview (1).png|Double jelly-removebg-preview.png,4|33,Extremely hard,8,
925,63,Delectable_Depths,Ingredients,28,85000,: 4,Gummi Dragon order.png,4,Extremely hard,8,
926,63,Delectable_Depths,Jelly,25,350000,: 75,Double jelly-removebg-preview.png,75,Medium,4,
927,63,Delectable_Depths,Order,29,50000,: 7 : 7,Wrapped2 (trans).png|Striped2 (trans).png,7|7,Medium,4,
928,63,Delectable_Depths,Ingredients,28,40000,: 2,Gummi Dragon order.png,2,Medium,4,
929,63,Delectable_Depths,Jelly,34,94000,: 48,Double jelly-removebg-preview.png,48,Extremely hard,8,
930,63,Delectable_Depths,Ingredients,21,40000,: 4,Gummi Dragon order.png,4,Medium,4,
931,63,Delectable_Depths,Jelly,35,38000,: 18,Double jelly-removebg-preview.png,18,Medium,4,
932,63,Delectable_Depths,Ingredients,35,50000,: 2,Gummi Dragon order.png,2,Somewhat hard,5,
933,63,Delectable_Depths,Jelly,20,30000,: 16,Double jelly-removebg-preview.png,16,Very hard,7,
934,63,Delectable_Depths,Ingredients,27,65000,: 5,Gummi Dragon order.png,5,Medium,4,
935,63,Delectable_Depths,Order,30,120000,: 182 : 182 : 36,Bluecandy order.png|Greencandy order.png|Striped2 (trans).png,182|182|36,Somewhat easy,3,
936,64,Minty_Meadow_(Episode_64),Jelly,18,100000,: 72,Double jelly-removebg-preview.png,72,Very hard,7,
937,64,Minty_Meadow_(Episode_64),Jelly,28,80000,: 8 : 26,Single jelly-removebg-preview (1).png|Double jelly-removebg-preview.png,8|26,Medium,4,
938,64,Minty_Meadow_(Episode_64),Jelly,22,64000,: 32,Double jelly-removebg-preview.png,32,Somewhat hard,5,
939,64,Minty_Meadow_(Episode_64),Ingredients,26,50000,: 9,Gummi Dragon order.png,9,Hard,6,
940,64,Minty_Meadow_(Episode_64),Jelly,18,2000,: 30 : 43,Single jelly-removebg-preview (1).png|Double jelly-removebg-preview.png,30|43,Very hard,7,
941,64,Minty_Meadow_(Episode_64),Jelly,28,44000,: 23 : 22,Single jelly-removebg-preview (1).png|Double jelly-removebg-preview.png,23|22,Somewhat hard,5,
942,64,Minty_Meadow_(Episode_64),Ingredients,32,140000,: 14,Gummi Dragon order.png,14,Very easy,1,
943,64,Minty_Meadow_(Episode_64),Ingredients,26,60000,: 3,Gummi Dragon order.png,3,Hard,6,
944,64,Minty_Meadow_(Episode_64),Jelly,20,50000,: 32,Double jelly-removebg-preview.png,32,Easy,2,
945,64,Minty_Meadow_(Episode_64),Jelly,27,160000,: 6 : 42,Single jelly-removebg-preview (1).png|Double jelly-removebg-preview.png,6|42,Somewhat easy,3,
946,64,Minty_Meadow_(Episode_64),Jelly,21,150000,: 29 : 25,Single jelly-removebg-preview (1).png|Double jelly-removebg-preview.png,29|25,Very easy,1,
947,64,Minty_Meadow_(Episode_64),Jelly,16,10000,: 12 : 24,Single jelly-removebg-preview (1).png|Double jelly-removebg-preview.png,12|24,Medium,4,
948,64,Minty_Meadow_(Episode_64),Jelly,31,80000,: 8 : 29,Single jelly-removebg-preview (1).png|Double jelly-removebg-preview.png,8|29,Extremely hard,8,
949,64,Minty_Meadow_(Episode_64),Jelly,34,45000,: 6 : 23,Single jelly-removebg-preview (1).png|Double jelly-removebg-preview.png,6|23,Somewhat easy,3,
950,64,Minty_Meadow_(Episode_64),Jelly,23,100000,: 49,Double jelly-removebg-preview.png,49,Hard,6,
951,65,Cookie_Crossing,Order,19,10000,: 79,Redcandy order.png,79,Somewhat easy,3,
952,65,Cookie_Crossing,Jelly,25,15000,: 49 : 18,Single jelly-removebg-preview (1).png|Double jelly-removebg-preview.png,49|18,Medium,4,
953,65,Cookie_Crossing,Jelly,30,50000,: 22 : 30,Single jelly-removebg-preview (1).png|Double jelly-removebg-preview.png,22|30,Somewhat hard,5,
954,65,Cookie_Crossing,Jelly,22,90000,: 2 : 44,Single jelly-removebg-preview (1).png|Double jelly-removebg-preview.png,2|44,Medium,4,
955,65,Cookie_Crossing,Ingredients,24,40000,: 2,Gummi Dragon order.png,2,Somewhat easy,3,
956,65,Cookie_Crossing,Jelly,32,200000,: 10,Double jelly-removebg-preview.png,10,Very easy,1,
957,65,Cookie_Crossing,Jelly,20,10000,: 16,Double jelly-removebg-preview.png,16,Very easy,1,
958,65,Cookie_Crossing,Jelly,23,149000,: 12 : 69,Single jelly-removebg-preview (1).png|Double jelly-removebg-preview.png,12|69,Somewhat hard,5,
959,65,Cookie_Crossing,Ingredients,18,10000,: 5,Gummi Dragon order.png,5,Somewhat hard,5,
960,65,Cookie_Crossing,Jelly,18,92000,: 46,Double jelly-removebg-preview.png,46,Very hard,7,
961,65,Cookie_Crossing,Jelly,30,10000,: 6 : 36,Single jelly-removebg-preview (1).png|Double jelly-removebg-preview.png,6|36,Medium,4,
962,65,Cookie_Crossing,Ingredients,29,80000,: 4,Gummi Dragon order.png,4,Easy,2,
963,65,Cookie_Crossing,Ingredients,19,30000,: 2,Gummi Dragon order.png,2,Somewhat hard,5,
964,65,Cookie_Crossing,Ingredients,27,20000,: 2,Gummi Dragon order.png,2,Extremely hard,8,
965,65,Cookie_Crossing,Jelly,34,98000,: 33,Double jelly-removebg-preview.png,33,Hard,6,
966,66,Soda_Swamp_(Episode_66),Jelly,35,100000,: 28 : 32,Single jelly-removebg-preview (1).png|Double jelly-removebg-preview.png,28|32,Very easy,1,
967,66,Soda_Swamp_(Episode_66),Jelly,15,30000,: 51,Double jelly-removebg-preview.png,51,Extremely hard,8,
968,66,Soda_Swamp_(Episode_66),Order,37,10000,: 4,Color bomb (trans).png,4,Very easy,1,
969,66,Soda_Swamp_(Episode_66),Order,29,50000,: 32 : 32,Purplecandy order.png|Greencandy order.png,32|32,Very easy,1,
970,66,Soda_Swamp_(Episode_66),Jelly,21,15000,: 27,Single jelly-removebg-preview (1).png,27,Somewhat easy,3,
971,66,Soda_Swamp_(Episode_66),Order,14,45000,: 5,Yellowcandy order.png,5,Extremely hard,8,First level to require the orders for candy colours that do not spawn on the board
972,66,Soda_Swamp_(Episode_66),Order,27,30000,: 9,Yellowcandy order.png,9,Somewhat hard,5,
973,66,Soda_Swamp_(Episode_66),Jelly,27,25000,: 68,Double jelly-removebg-preview.png,68,Medium,4,
974,66,Soda_Swamp_(Episode_66),Ingredients,12,20000,: 1,Gummi Dragon order.png,1,Very hard,7,
975,66,Soda_Swamp_(Episode_66),Jelly,43,124000,: 8 : 58,Single jelly-removebg-preview (1).png|Double jelly-removebg-preview.png,8|58,Very easy,1,
976,66,Soda_Swamp_(Episode_66),Order,20,20000,: 2 : 2,Striped2 (trans).png|Color bomb (trans).png,2|2,Very easy,1,
977,66,Soda_Swamp_(Episode_66),Jelly,22,107000,: 7 : 50,Single jelly-removebg-preview (1).png|Double jelly-removebg-preview.png,7|50,Easy,2,
978,66,Soda_Swamp_(Episode_66),Jelly,27,120000,: 10 : 54,Single jelly-removebg-preview (1).png|Double jelly-removebg-preview.png,10|54,Somewhat easy,3,
979,66,Soda_Swamp_(Episode_66),Order,35,30000,: 24 : 24,Liquorice Swirl order.png|Chocolate order.png,24|24,Easy,2,
980,66,Soda_Swamp_(Episode_66),Ingredients,26,20000,: 3,Gummi Dragon order.png,3,Somewhat easy,3,
981,67,Candy_Clouds_(Episode_67),Jelly,30,80000,: 9 : 40,Single jelly-removebg-preview (1).png|Double jelly-removebg-preview.png,9|40,Somewhat hard,5,
982,67,Candy_Clouds_(Episode_67),Ingredients,23,60000,: 7,Gummi Dragon order.png,7,Very easy,1,
983,67,Candy_Clouds_(Episode_67),Order,27,60000,: 44,Liquorice Swirl order.png,44,Easy,2,
984,67,Candy_Clouds_(Episode_67),Jelly,30,80000,: 16 : 32,Single jelly-removebg-preview (1).png|Double jelly-removebg-preview.png,16|32,Somewhat easy,3,
985,67,Candy_Clouds_(Episode_67),Order,32,40000,: 1 : 50 : 50,Color bomb (trans).png|Redcandy order.png|Bluecandy order.png,1|50|50,Very easy,1,
986,67,Candy_Clouds_(Episode_67),Jelly,35,10000,: 13,Double jelly-removebg-preview.png,13,Hard,6,
987,67,Candy_Clouds_(Episode_67),Ingredients,26,40000,: 3,Gummi Dragon order.png,3,Somewhat hard,5,
988,67,Candy_Clouds_(Episode_67),Order,22,10000,: 12,Color bomb (trans).png,12,Medium,4,
989,67,Candy_Clouds_(Episode_67),Jelly,15,100000,: 60,Double jelly-removebg-preview.png,60,Very hard,7,
990,67,Candy_Clouds_(Episode_67),Jelly,35,86000,: 54,Double jelly-removebg-preview.png,54,Somewhat easy,3,
991,67,Candy_Clouds_(Episode_67),Ingredients,22,10000,: 3,Gummi Dragon order.png,3,Hard,6,
992,67,Candy_Clouds_(Episode_67),Ingredients,17,20000,: 8,Gummi Dragon order.png,8,Somewhat hard,5,
993,67,Candy_Clouds_(Episode_67),Order,30,10000,: 81 : 81 : 4,Orangecandy order.png|Purplecandy order.png|Color bomb (trans).png,81|81|4,Medium,4,
994,67,Candy_Clouds_(Episode_67),Jelly,27,50000,: 47,Double jelly-removebg-preview.png,47,Somewhat hard,5,
995,67,Candy_Clouds_(Episode_67),Jelly,15,20000,: 11 : 13,Single jelly-removebg-preview (1).png|Double jelly-removebg-preview.png,11|13,Hard,6,
996,68,Caramel_Keep,Jelly,28,100000,: 25,Double jelly-removebg-preview.png,25,Very hard,7,
997,68,Caramel_Keep,Jelly,25,100000,: 27,Double jelly-removebg-preview.png,27,Medium,4,
998,68,Caramel_Keep,Jelly,29,70000,: 37,Double jelly-removebg-preview.png,37,Medium,4,
999,68,Caramel_Keep,Ingredients,30,40000,: 4,Gummi Dragon order.png,4,Medium,4,The last level with 3 digits
1000,68,Caramel_Keep,Order,37,100000,: 500 : 500 : 500,Bluecandy order.png|Orangecandy order.png|Yellowcandy order.png,500|500|500,Very easy,1,"Level with the most candies required, and the 1,000th level in the game."
1001,68,Caramel_Keep,Ingredients,21,60000,: 6,Gummi Dragon order.png,6,Medium,4,
1002,68,Caramel_Keep,Jelly,14,25000,: 28,Double jelly-removebg-preview.png,28,Somewhat hard,5,
1003,68,Caramel_Keep,Jelly,35,57000,: 31,Double jelly-removebg-preview.png,31,Hard,6,is unofficially introduced
1004,68,Caramel_Keep,Jelly,35,100000,: 81,Double jelly-removebg-preview.png,81,Somewhat easy,3,
1005,68,Caramel_Keep,Ingredients,20,20000,: 2,Gummi Dragon order.png,2,Very easy,1,
1006,68,Caramel_Keep,Order,18,50000,: 45,Striped2 (trans).png,45,Very hard,7,
1007,68,Caramel_Keep,Jelly,25,300000,: 69,Double jelly-removebg-preview.png,69,Medium,4,
1008,68,Caramel_Keep,Jelly,29,30000,: 6 : 32,Single jelly-removebg-preview (1).png|Double jelly-removebg-preview.png,6|32,Somewhat easy,3,
1009,68,Caramel_Keep,Order,31,10000,: 24,Striped2 (trans).png,24,Variable,,
1010,68,Caramel_Keep,Ingredients,24,20000,: 3,Gummi Dragon order.png,3,Hard,6,
1011,69,Tasty_Treasury,Jelly,35,72000,: 36,Double jelly-removebg-preview.png,36,Somewhat hard,5,
1012,69,Tasty_Treasury,Jelly,20,40000,: 24 : 41,Single jelly-removebg-preview (1).png|Double jelly-removebg-preview.png,24|41,Medium,4,
1013,69,Tasty_Treasury,Ingredients,20,10000,: 4,Gummi Dragon order.png,4,Easy,2,
1014,69,Tasty_Treasury,Jelly,27,10000,: 54,Double jelly-removebg-preview.png,54,Extremely hard,8,
1015,69,Tasty_Treasury,Jelly,33,100000,: 19,Double jelly-removebg-preview.png,19,Easy,2,
1016,69,Tasty_Treasury,Jelly,35,10000,: 1,Double jelly-removebg-preview.png,1,Variable,,
1017,69,Tasty_Treasury,Jelly,22,100000,: 17 : 50,Single jelly-removebg-preview (1).png|Double jelly-removebg-preview.png,17|50,Somewhat easy,3,
1018,69,Tasty_Treasury,Jelly,30,110000,: 55,Double jelly-removebg-preview.png,55,Easy,2,
1019,69,Tasty_Treasury,Jelly,40,40000,: 71,Double jelly-removebg-preview.png,71,Medium,4,
1020,69,Tasty_Treasury,Jelly,15,100000,: 64,Double jelly-removebg-preview.png,64,Medium,4,
1021,69,Tasty_Treasury,Jelly,16,100000,: 65,Double jelly-removebg-preview.png,65,Extremely hard,8,
1022,69,Tasty_Treasury,Order,25,20000,: 99,Purplecandy order.png,99,Hard,6,
1023,69,Tasty_Treasury,Jelly,26,100000,: 32 : 49,Single jelly-removebg-preview (1).png|Double jelly-removebg-preview.png,32|49,Medium,4,
1024,69,Tasty_Treasury,Ingredients,16,20000,: 5,Gummi Dragon order.png,5,Medium,4,
1025,69,Tasty_Treasury,Ingredients,15,30000,: 4,Gummi Dragon order.png,4,Nearly impossible,9,
1026,70,Luscious_Lagoon,Jelly,32,50000,: 23,Double jelly-removebg-preview.png,23,Very easy,1,
1027,70,Luscious_Lagoon,Ingredients,33,60000,: 4,Gummi Dragon order.png,4,Very easy,1,
1028,70,Luscious_Lagoon,Jelly,25,58000,: 36 : 29,Single jelly-removebg-preview (1).png|Double jelly-removebg-preview.png,36|29,Medium,4,
1029,70,Luscious_Lagoon,Jelly,25,22000,: 42,Double jelly-removebg-preview.png,42,Somewhat easy,3,
1030,70,Luscious_Lagoon,Mixed,25,30000,: 43 : 8,Single jelly-removebg-preview (1).png|Striped2 (trans).png,43|8,Medium,4,
1031,70,Luscious_Lagoon,Ingredients,21,30000,: 3,Gummi Dragon order.png,3,Somewhat easy,3,
1032,70,Luscious_Lagoon,Jelly,20,15000,: 34 : 21,Single jelly-removebg-preview (1).png|Double jelly-removebg-preview.png,34|21,Somewhat easy,3,
1033,70,Luscious_Lagoon,Jelly,21,94000,: 44 : 25,Single jelly-removebg-preview (1).png|Double jelly-removebg-preview.png,44|25,Medium,4,
1034,70,Luscious_Lagoon,Ingredients,32,20000,: 3,Gummi Dragon order.png,3,Easy,2,
1035,70,Luscious_Lagoon,Jelly,26,100000,: 77,Double jelly-removebg-preview.png,77,Somewhat hard,5,
1036,70,Luscious_Lagoon,Jelly,28,38000,: 21,Double jelly-removebg-preview.png,21,Medium,4,
1037,70,Luscious_Lagoon,Ingredients,23,20000,: 12,Gummi Dragon order.png,12,Medium,4,
1038,70,Luscious_Lagoon,Ingredients,22,60000,: 1,Gummi Dragon order.png,1,,,
1039,70,Luscious_Lagoon,Order,29,25000,: 80 : 80 : 80,Redcandy order.png|Greencandy order.png|Bluecandy order.png,80|80|80,Easy,2,
1040,70,Luscious_Lagoon,Jelly,23,30000,: 31,Double jelly-removebg-preview.png,31,Somewhat hard,5,
1041,71,Mellow_Marshmallow,Ingredients,25,10000,: 2,Gummi Dragon order.png,2,Easy,2,
1042,71,Mellow_Marshmallow,Jelly,33,50000,: 25,Double jelly-removebg-preview.png,25,Hard,6,
1043,71,Mellow_Marshmallow,Order,35,100000,: 99,Orangecandy order.png,99,Extremely hard,8,
1044,71,Mellow_Marshmallow,Order,20,50000,: 20,Liquorice Swirl order.png,20,Easy,2,
1045,71,Mellow_Marshmallow,Order,24,20000,: 28 : 25,Liquorice Swirl order.png|Candy Bomb order 2.png,28|25,Easy,2,
1046,71,Mellow_Marshmallow,Jelly,19,10000,: 9,Double jelly-removebg-preview.png,9,Medium,4,
1047,71,Mellow_Marshmallow,Jelly,22,130000,: 48 : 24,Single jelly-removebg-preview (1).png|Double jelly-removebg-preview.png,48|24,Medium,4,
1048,71,Mellow_Marshmallow,Jelly,28,10000,: 17,Double jelly-removebg-preview.png,17,Medium,4,
1049,71,Mellow_Marshmallow,Ingredients,20,30000,: 2,Gummi Dragon order.png,2,Easy,2,
1050,71,Mellow_Marshmallow,Jelly,37,50200,: 27 : 8,Single jelly-removebg-preview (1).png|Double jelly-removebg-preview.png,27|8,Easy,2,
1051,71,Mellow_Marshmallow,Jelly,15,50000,: 32 : 27,Single jelly-removebg-preview (1).png|Double jelly-removebg-preview.png,32|27,Very hard,7,
1052,71,Mellow_Marshmallow,Jelly,25,46000,: 65,Double jelly-removebg-preview.png,65,Easy,2,
1053,71,Mellow_Marshmallow,Jelly,16,98000,: 49,Double jelly-removebg-preview.png,49,Extremely hard,8,
1054,71,Mellow_Marshmallow,Ingredients,25,30000,: 3,Gummi Dragon order.png,3,Medium,4,
1055,71,Mellow_Marshmallow,Mixed,26,100000,: 53 : 3 : 21,Double jelly-removebg-preview.png|Magic Mixer order 2.png|One-layered Toffee Swirl.png,53|3|21,Very hard,7,Currently first level with magic mixer.
1056,72,Siberian_Sorbet,Ingredients,25,30000,: 3,Gummi Dragon order.png,3,Somewhat easy,3,is officially introduced
1057,72,Siberian_Sorbet,Order,30,20000,: 8,Color bomb (trans).png,8,Medium,4,
1058,72,Siberian_Sorbet,Jelly,30,112000,: 56,Double jelly-removebg-preview.png,56,Somewhat easy,3,
1059,72,Siberian_Sorbet,Ingredients,30,40000,: 2,Gummi Dragon order.png,2,Easy,2,
1060,72,Siberian_Sorbet,Order,20,30000,: 10 : 5,Striped2 (trans).png|Wrapped2 (trans).png,10|5,Very easy,1,
1061,72,Siberian_Sorbet,Jelly,36,128000,: 60 : 17,Single jelly-removebg-preview (1).png|Double jelly-removebg-preview.png,60|17,Very easy,1,
1062,72,Siberian_Sorbet,Jelly,20,55000,: 58,Double jelly-removebg-preview.png,58,Easy,2,
1063,72,Siberian_Sorbet,Jelly,20,86000,: 67,Double jelly-removebg-preview.png,67,Medium,4,
1064,72,Siberian_Sorbet,Jelly,22,96000,: 48,Double jelly-removebg-preview.png,48,Somewhat easy,3,
1065,72,Siberian_Sorbet,Ingredients,14,20000,: 2,Gummi Dragon order.png,2,Hard,6,
1066,72,Siberian_Sorbet,Order,13,50000,: 13,Color bomb (trans).png,13,Extremely hard,8,
1067,72,Siberian_Sorbet,Mixed,22,20000,: 32 : 32 : 2,Single jelly-removebg-preview (1).png|Double jelly-removebg-preview.png|Gummi Dragon order.png,32|32|2,Hard,6,
1068,72,Siberian_Sorbet,Jelly,25,50000,: 51,Double jelly-removebg-preview.png,51,Somewhat hard,5,
1069,72,Siberian_Sorbet,Jelly,30,40000,: 26,Double jelly-removebg-preview.png,26,Medium,4,
1070,72,Siberian_Sorbet,Jelly,20,94000,: 47,Double jelly-removebg-preview.png,47,Somewhat hard,5,
1071,73,Cloudberry_Creek,Jelly,34,24000,: 18,Double jelly-removebg-preview.png,18,,,
1072,73,Cloudberry_Creek,Order,16,25000,: 20,Redcandy order.png,20,Hard,6,
1073,73,Cloudberry_Creek,Ingredients,20,40000,: 4,Gummi Dragon order.png,4,Easy,2,
1074,73,Cloudberry_Creek,Jelly,35,62000,: 32,Double jelly-removebg-preview.png,32,Somewhat easy,3,
1075,73,Cloudberry_Creek,Ingredients,22,10000,: 4,Gummi Dragon order.png,4,Medium,4,
1076,73,Cloudberry_Creek,Jelly,30,50000,: 25,Double jelly-removebg-preview.png,25,,,
1077,73,Cloudberry_Creek,Order,18,50000,: 4 : 100 : 100,Color bomb (trans).png|Bluecandy order.png|Greencandy order.png,4|100|100,Extremely hard,8,
1078,73,Cloudberry_Creek,Jelly,31,72000,: 37,Double jelly-removebg-preview.png,37,Medium,4,
1079,73,Cloudberry_Creek,Ingredients,32,30000,: 1,Gummi Dragon order.png,1,Very easy,1,
1080,73,Cloudberry_Creek,Jelly,22,8000,: 66,Double jelly-removebg-preview.png,66,Somewhat hard,5,
1081,73,Cloudberry_Creek,Jelly,20,20000,: 29,Double jelly-removebg-preview.png,29,Extremely hard,8,
1082,73,Cloudberry_Creek,Ingredients,20,20000,: 3,Gummi Dragon order.png,3,Extremely hard,8,
1083,73,Cloudberry_Creek,Jelly,21,50000,: 59,Double jelly-removebg-preview.png,59,Hard,6,
1084,73,Cloudberry_Creek,Jelly,20,50000,: 37,Double jelly-removebg-preview.png,37,Medium,4,
1085,73,Cloudberry_Creek,Ingredients,30,40000,: 4,Gummi Dragon order.png,4,Somewhat hard,5,
1086,74,Bubblegum_Hut,Jelly,26,98000,: 26 : 49,Single jelly-removebg-preview (1).png|Double jelly-removebg-preview.png,26|49,Hard,6,
1087,74,Bubblegum_Hut,Jelly,25,46046,: 49,Double jelly-removebg-preview.png,49,Very easy,1,
1088,74,Bubblegum_Hut,Order,24,100000,: 27,Liquorice Swirl order.png,27,Somewhat easy,3,
1089,74,Bubblegum_Hut,Ingredients,17,40000,: 4,Gummi Dragon order.png,4,Somewhat easy,3,
1090,74,Bubblegum_Hut,Jelly,26,96000,: 48,Double jelly-removebg-preview.png,48,Easy,2,
1091,74,Bubblegum_Hut,Jelly,25,75000,: 34,Double jelly-removebg-preview.png,34,Very hard,7,
1092,74,Bubblegum_Hut,Ingredients,30,20000,: 1,Gummi Dragon order.png,1,Very easy,1,
1093,74,Bubblegum_Hut,Jelly,28,100000,: 10 : 59,Single jelly-removebg-preview (1).png|Double jelly-removebg-preview.png,10|59,Very hard,7,
1094,74,Bubblegum_Hut,Order,19,5000,: 20 : 18 : 4,Liquorice Swirl order.png|Multilayered frosting 2024 FTUE order.png|Color bomb (trans).png,20|18|4,Very hard,7,
1095,74,Bubblegum_Hut,Jelly,19,38000,: 19,Double jelly-removebg-preview.png,19,Hard,6,
1096,74,Bubblegum_Hut,Jelly,31,56000,: 52,Double jelly-removebg-preview.png,52,Somewhat hard,5,
1097,74,Bubblegum_Hut,Ingredients,27,20000,: 2,Gummi Dragon order.png,2,Somewhat hard,5,
1098,74,Bubblegum_Hut,Jelly,20,48000,: 24,Double jelly-removebg-preview.png,24,Medium,4,
1099,74,Bubblegum_Hut,Ingredients,22,10000,: 2,Gummi Dragon order.png,2,Medium,4,
1100,74,Bubblegum_Hut,Jelly,32,40000,: 24,Double jelly-removebg-preview.png,24,Very easy,1,
1101,75,Chocolate_Chamber,Jelly,35,24001,: 4 : 29,Single jelly-removebg-preview (1).png|Double jelly-removebg-preview.png,4|29,Very easy,1,Starts a triplet of hexagon levels
1102,75,Chocolate_Chamber,Ingredients,20,40000,: 4,Gummi Dragon order.png,4,Very easy,1,
1103,75,Chocolate_Chamber,Order,31,40000,: 12,Yellowcandy order.png,12,Very hard,7,
1104,75,Chocolate_Chamber,Jelly,37,136000,: 68,Double jelly-removebg-preview.png,68,Hard,6,
1105,75,Chocolate_Chamber,Jelly,20,36000,: 18,Double jelly-removebg-preview.png,18,Very hard,7,
1106,75,Chocolate_Chamber,Jelly,20,114000,: 2 : 56,Single jelly-removebg-preview (1).png|Double jelly-removebg-preview.png,2|56,Very hard,7,
1107,75,Chocolate_Chamber,Jelly,27,100000,: 45,Double jelly-removebg-preview.png,45,Easy,2,
1108,75,Chocolate_Chamber,Order,24,10000,: 500 : 500,Bluecandy order.png|Greencandy order.png,500|500,Variable,,one of levels that you need to collect huge amount of candies
1109,75,Chocolate_Chamber,Jelly,26,30000,: 21 : 6,Single jelly-removebg-preview (1).png|Double jelly-removebg-preview.png,21|6,Very hard,7,
1110,75,Chocolate_Chamber,Ingredients,22,20000,: 3,Gummi Dragon order.png,3,Very hard,7,
1111,75,Chocolate_Chamber,Order,20,10000,: 28,Yellowcandy order.png,28,Somewhat hard,5,
1112,75,Chocolate_Chamber,Jelly,25,12000,: 6,Double jelly-removebg-preview.png,6,Hard,6,Changed 1 week after release
1113,75,Chocolate_Chamber,Jelly,22,54000,: 5 : 51,Single jelly-removebg-preview (1).png|Double jelly-removebg-preview.png,5|51,Medium,4,
1114,75,Chocolate_Chamber,Order,20,10000,: 9,Yellowcandy order.png,9,Medium,4,
1115,75,Chocolate_Chamber,Jelly,30,18000,: 17,Double jelly-removebg-preview.png,17,Extremely hard,8,
1116,76,Raspberry_Races,Jelly,29,140000,: 72,Double jelly-removebg-preview.png,72,Somewhat hard,5,
1117,76,Raspberry_Races,Order,21,20000,: 10,Yellowcandy order.png,10,Very hard,7,
1118,76,Raspberry_Races,Jelly,20,75000,: 38,Double jelly-removebg-preview.png,38,Medium,4,
1119,76,Raspberry_Races,Jelly,25,70000,: 46 : 14,Single jelly-removebg-preview (1).png|Double jelly-removebg-preview.png,46|14,Medium,4,
1120,76,Raspberry_Races,Ingredients,35,40000,: 5,Gummi Dragon order.png,5,Medium,4,
1121,76,Raspberry_Races,Jelly,31,54000,: 30,Double jelly-removebg-preview.png,30,Very hard,7,
1122,76,Raspberry_Races,Ingredients,20,30000,: 1,Gummi Dragon order.png,1,Medium,4,
1123,76,Raspberry_Races,Ingredients,15,20000,: 2,Gummi Dragon order.png,2,Variable,,
1124,76,Raspberry_Races,Jelly,18,25000,: 58,Double jelly-removebg-preview.png,58,Medium,4,
1125,76,Raspberry_Races,Jelly,13,50000,: 63,Double jelly-removebg-preview.png,63,Nearly impossible,9,
1126,76,Raspberry_Races,Ingredients,15,10000,: 1,Gummi Dragon order.png,1,Medium,4,
1127,76,Raspberry_Races,Order,23,50000,: 14 : 10 : 70,Striped2 (trans).png|Wrapped2 (trans).png|Bluecandy order.png,14|10|70,Medium,4,
1128,76,Raspberry_Races,Jelly,24,64000,: 8 : 23,Single jelly-removebg-preview (1).png|Double jelly-removebg-preview.png,8|23,Extremely hard,8,
1129,76,Raspberry_Races,Ingredients,25,10000,: 1,Gummi Dragon order.png,1,Hard,6,
1130,76,Raspberry_Races,Ingredients,23,60000,: 6,Gummi Dragon order.png,6,Very easy,1,
1131,77,Teapot_Tower,Jelly,23,100000,: 14 : 45,Single jelly-removebg-preview (1).png|Double jelly-removebg-preview.png,14|45,Nearly impossible,9,
1132,77,Teapot_Tower,Jelly,24,64000,: 29,Double jelly-removebg-preview.png,29,Extremely hard,8,
1133,77,Teapot_Tower,Jelly,20,72000,: 36,Double jelly-removebg-preview.png,36,Medium,4,
1134,77,Teapot_Tower,Jelly,26,122000,: 61,Double jelly-removebg-preview.png,61,Hard,6,
1135,77,Teapot_Tower,Order,20,25000,: 8 : 49,Magic Mixer order 2.png|Dark Chocolate order.png,8|49,Easy,2,
1136,77,Teapot_Tower,Jelly,15,130000,: 74,Double jelly-removebg-preview.png,74,Nearly impossible,9,
1137,77,Teapot_Tower,Ingredients,32,40000,: 4,Gummi Dragon order.png,4,Easy,2,
1138,77,Teapot_Tower,Order,27,25000,: 11 : 59 : 4,Striped2 (trans).png|Redcandy order.png|Color bomb (trans).png,11|59|4,,,
1139,77,Teapot_Tower,Jelly,27,100000,: 34,Double jelly-removebg-preview.png,34,Medium,4,
1140,77,Teapot_Tower,Jelly,14,50000,: 31,Double jelly-removebg-preview.png,31,Somewhat easy,3,
1141,77,Teapot_Tower,Order,23,50000,: 12,Yellowcandy order.png,12,Somewhat easy,3,
1142,77,Teapot_Tower,Ingredients,28,30000,: 3,Gummi Dragon order.png,3,Nearly impossible,9,
1143,77,Teapot_Tower,Jelly,29,2000,: 1,Double jelly-removebg-preview.png,1,Extremely hard,8,
1144,77,Teapot_Tower,Ingredients,22,40000,: 4,Gummi Dragon order.png,4,Extremely hard,8,
1145,77,Teapot_Tower,Jelly,35,58000,: 42,Double jelly-removebg-preview.png,42,Extremely hard,8,
1146,78,Barking_Boutique,Jelly,29,50000,: 26,Double jelly-removebg-preview.png,26,Medium,4,
1147,78,Barking_Boutique,Ingredients,22,40000,: 4,Gummi Dragon order.png,4,Somewhat easy,3,
1148,78,Barking_Boutique,Ingredients,17,4000,: 8,Gummi Dragon order.png,8,Nearly impossible,9,
1149,78,Barking_Boutique,Jelly,33,10000,: 54,Double jelly-removebg-preview.png,54,Medium,4,
1150,78,Barking_Boutique,Jelly,29,88000,: 44,Double jelly-removebg-preview.png,44,Medium,4,
1151,78,Barking_Boutique,Ingredients,30,10000,: 1,Gummi Dragon order.png,1,Very easy,1,
1152,78,Barking_Boutique,Jelly,36,46000,: 23,Double jelly-removebg-preview.png,23,Easy,2,
1153,78,Barking_Boutique,Ingredients,23,40000,: 4,Gummi Dragon order.png,4,Somewhat hard,5,
1154,78,Barking_Boutique,Order,35,10000,: 11,Yellowcandy order.png,11,Easy,2,
1155,78,Barking_Boutique,Jelly,31,48000,: 20,Double jelly-removebg-preview.png,20,Easy,2,
1156,78,Barking_Boutique,Jelly,35,100000,: 67,Double jelly-removebg-preview.png,67,Very easy,1,
1157,78,Barking_Boutique,Jelly,28,10000,: 36,Double jelly-removebg-preview.png,36,Medium,4,
1158,78,Barking_Boutique,Jelly,16,56000,: 28,Double jelly-removebg-preview.png,28,Somewhat hard,5,
1159,78,Barking_Boutique,Jelly,23,50000,: 61,Double jelly-removebg-preview.png,61,Very hard,7,
1160,78,Barking_Boutique,Jelly,29,44000,: 22,Double jelly-removebg-preview.png,22,Somewhat hard,5,
1161,79,Banana_Beach,Ingredients,15,50000,: 5,Gummi Dragon order.png,5,Extremely hard,8,
1162,79,Banana_Beach,Ingredients,26,20000,: 2,Gummi Dragon order.png,2,Somewhat easy,3,
1163,79,Banana_Beach,Jelly,35,100000,: 45,Double jelly-removebg-preview.png,45,Easy,2,
1164,79,Banana_Beach,Order,15,50000,: 4 : 20,Licoriceshell1.png|Icing order new.png,4|20,Somewhat hard,5,
1165,79,Banana_Beach,Ingredients,35,40000,: 4,Gummi Dragon order.png,4,Very easy,1,
1166,79,Banana_Beach,Jelly,31,70000,: 34 : 33,Single jelly-removebg-preview (1).png|Double jelly-removebg-preview.png,34|33,,,
1167,79,Banana_Beach,Jelly,20,18000,: 9,Double jelly-removebg-preview.png,9,Medium,4,
1168,79,Banana_Beach,Order,27,100000,: 300,Purplecandy order.png,300,Extremely hard,8,
1169,79,Banana_Beach,Ingredients,25,40000,: 4,Gummi Dragon order.png,4,Very hard,7,
1170,79,Banana_Beach,Jelly,20,100000,: 30 : 22,Single jelly-removebg-preview (1).png|Double jelly-removebg-preview.png,30|22,Medium,4,
1171,79,Banana_Beach,Jelly,33,50000,: 31,Double jelly-removebg-preview.png,31,Very easy,1,
1172,79,Banana_Beach,Order,35,10000,: 10,Wrapped2 (trans).png,10,Hard,6,
1173,79,Banana_Beach,Ingredients,30,20000,: 4,Gummi Dragon order.png,4,Very easy,1,
1174,79,Banana_Beach,Order,22,50000,: 10,Redcandy order.png,10,Medium,4,
1175,79,Banana_Beach,Jelly,26,15000,: 14,Double jelly-removebg-preview.png,14,Very easy,1,
1176,80,Snack_Shack,Jelly,31,80000,: 39,Double jelly-removebg-preview.png,39,Easy,2,
1177,80,Snack_Shack,Jelly,24,32000,: 16,Double jelly-removebg-preview.png,16,Somewhat easy,3,
1178,80,Snack_Shack,Jelly,35,100000,: 43 : 18,Single jelly-removebg-preview (1).png|Double jelly-removebg-preview.png,43|18,Easy,2,
1179,80,Snack_Shack,Ingredients,21,40000,: 8,Gummi Dragon order.png,8,Very hard,7,
1180,80,Snack_Shack,Jelly,35,250000,: 36,Double jelly-removebg-preview.png,36,Somewhat easy,3,Used to be the hardest level in the game before it got nerfedFirst level to have received a complete redesign
1181,80,Snack_Shack,Jelly,28,48000,: 25,Double jelly-removebg-preview.png,25,Medium,4,
1182,80,Snack_Shack,Jelly,22,56000,: 24,Double jelly-removebg-preview.png,24,Hard,6,
1183,80,Snack_Shack,Jelly,35,50000,: 25,Double jelly-removebg-preview.png,25,Very easy,1,
1184,80,Snack_Shack,Ingredients,28,60000,: 6,Gummi Dragon order.png,6,,,
1185,80,Snack_Shack,Jelly,24,90000,: 45,Double jelly-removebg-preview.png,45,Hard,6,
1186,80,Snack_Shack,Order,20,10000,: 99,Redcandy order.png,99,Somewhat hard,5,
1187,80,Snack_Shack,Order,25,60000,: 7,Licoriceshell1.png,7,Extremely hard,8,
1188,80,Snack_Shack,Ingredients,15,30000,: 3,Gummi Dragon order.png,3,Extremely hard,8,
1189,80,Snack_Shack,Order,30,30000,: 8 : 8 : 122,Wrapped2 (trans).png|Striped2 (trans).png|Bluecandy order.png,8|8|122,Medium,4,
1190,80,Snack_Shack,Jelly,24,100000,: 51,Double jelly-removebg-preview.png,51,Extremely hard,8,
1191,81,Fungi_Forest,Jelly,37,100000,: 6 : 31,Single jelly-removebg-preview (1).png|Double jelly-removebg-preview.png,6|31,Very easy,1,
1192,81,Fungi_Forest,Ingredients,27,40000,: 4,Gummi Dragon order.png,4,Very hard,7,
1193,81,Fungi_Forest,Order,15,10000,: 18,One-layered Toffee Swirl.png,18,Extremely hard,8,
1194,81,Fungi_Forest,Jelly,32,100000,: 37 : 34,Single jelly-removebg-preview (1).png|Double jelly-removebg-preview.png,37|34,Somewhat easy,3,
1195,81,Fungi_Forest,Jelly,13,50000,: 4 : 31,Single jelly-removebg-preview (1).png|Double jelly-removebg-preview.png,4|31,Extremely hard,8,
1196,81,Fungi_Forest,Jelly,16,100000,: 62,Double jelly-removebg-preview.png,62,Extremely hard,8,
1197,81,Fungi_Forest,Ingredients,30,20000,: 2,Gummi Dragon order.png,2,Medium,4,
1198,81,Fungi_Forest,Jelly,35,25000,: 12 : 30,Single jelly-removebg-preview (1).png|Double jelly-removebg-preview.png,12|30,Very easy,1,
1199,81,Fungi_Forest,Jelly,29,112000,: 14 : 26,Single jelly-removebg-preview (1).png|Double jelly-removebg-preview.png,14|26,Very easy,1,
1200,81,Fungi_Forest,Order,22,35000,: 5,Color bomb (trans).png,5,Medium,4,
1201,81,Fungi_Forest,Order,24,10000,: 35,Striped2 (trans).png,35,Somewhat easy,3,
1202,81,Fungi_Forest,Jelly,15,36000,: 8 : 19,Single jelly-removebg-preview (1).png|Double jelly-removebg-preview.png,8|19,Extremely hard,8,
1203,81,Fungi_Forest,Ingredients,29,30000,: 3,Gummi Dragon order.png,3,Somewhat hard,5,
1204,81,Fungi_Forest,Order,30,15000,: 30,Striped2 (trans).png,30,Very easy,1,
1205,81,Fungi_Forest,Jelly,18,40000,: 19,Double jelly-removebg-preview.png,19,Very easy,1,
1206,82,Marmalade_Moon,Order,31,10000,: 50 : 50,Orangecandy order.png|Bluecandy order.png,50|50,Very easy,1,
1207,82,Marmalade_Moon,Jelly,19,68000,: 34,Double jelly-removebg-preview.png,34,Extremely hard,8,
1208,82,Marmalade_Moon,Jelly,19,80000,: 68,Double jelly-removebg-preview.png,68,Very hard,7,
1209,82,Marmalade_Moon,Jelly,23,42000,: 21,Double jelly-removebg-preview.png,21,Easy,2,
1210,82,Marmalade_Moon,Ingredients,21,30000,: 12,Gummi Dragon order.png,12,Somewhat hard,5,
1211,82,Marmalade_Moon,Jelly,30,420000,: 53,Double jelly-removebg-preview.png,53,Somewhat hard,5,
1212,82,Marmalade_Moon,Order,10,50000,: 9 : 10 : 50,Color bomb (trans).png|Wrapped2 (trans).png|Purplecandy order.png,9|10|50,Very hard,7,
1213,82,Marmalade_Moon,Ingredients,21,90000,: 2,Gummi Dragon order.png,2,Hard,6,
1214,82,Marmalade_Moon,Jelly,22,20000,: 36,Double jelly-removebg-preview.png,36,Medium,4,
1215,82,Marmalade_Moon,Ingredients,28,20000,: 1,Gummi Dragon order.png,1,Hard,6,
1216,82,Marmalade_Moon,Ingredients,22,20000,: 6,Gummi Dragon order.png,6,Very hard,7,
1217,82,Marmalade_Moon,Jelly,25,40000,: 15 : 45,Single jelly-removebg-preview (1).png|Double jelly-removebg-preview.png,15|45,Very hard,7,
1218,82,Marmalade_Moon,Jelly,25,10000,: 25,Single jelly-removebg-preview (1).png,25,Very easy,1,
1219,82,Marmalade_Moon,Jelly,27,100000,: 12 : 60,Single jelly-removebg-preview (1).png|Double jelly-removebg-preview.png,12|60,Somewhat easy,3,
1220,82,Marmalade_Moon,Jelly,20,10000,: 33 : 37,Single jelly-removebg-preview (1).png|Double jelly-removebg-preview.png,33|37,Hard,6,
1221,83,Wonky_Wonderland,Jelly,23,44000,: 22,Double jelly-removebg-preview.png,22,Very hard,7,
1222,83,Wonky_Wonderland,Jelly,37,52000,: 26,Double jelly-removebg-preview.png,26,Easy,2,
1223,83,Wonky_Wonderland,Ingredients,23,40000,: 4,Gummi Dragon order.png,4,Extremely hard,8,
1224,83,Wonky_Wonderland,Jelly,25,42000,: 10 : 16,Single jelly-removebg-preview (1).png|Double jelly-removebg-preview.png,10|16,Extremely hard,8,
1225,83,Wonky_Wonderland,Order,20,30000,: 5 : 1,Color bomb (trans).png|Colourbomb colourbomb (trans).png,5|1,Extremely hard,8,
1226,83,Wonky_Wonderland,Jelly,25,32000,: 20,Double jelly-removebg-preview.png,20,Hard,6,
1227,83,Wonky_Wonderland,Jelly,18,112000,: 56,Double jelly-removebg-preview.png,56,Very hard,7,
1228,83,Wonky_Wonderland,Jelly,30,64000,: 33,Double jelly-removebg-preview.png,33,Hard,6,
1229,83,Wonky_Wonderland,Jelly,25,112000,: 56,Double jelly-removebg-preview.png,56,Extremely hard,8,
1230,83,Wonky_Wonderland,Order,25,40000,: 36,Color bomb (trans).png,36,Extremely hard,8,
1231,83,Wonky_Wonderland,Jelly,29,80000,: 41,Double jelly-removebg-preview.png,41,Hard,6,
1232,83,Wonky_Wonderland,Ingredients,30,10000,: 1,Gummi Dragon order.png,1,Easy,2,
1233,83,Wonky_Wonderland,Ingredients,19,40000,: 4,Gummi Dragon order.png,4,Somewhat hard,5,
1234,83,Wonky_Wonderland,Jelly,21,78000,: 21,Double jelly-removebg-preview.png,21,Medium,4,
1235,83,Wonky_Wonderland,Ingredients,22,40000,: 4,Gummi Dragon order.png,4,Extremely hard,8,
1236,84,Drizzly_Dale,Jelly,20,52000,: 2 : 21,Single jelly-removebg-preview (1).png|Double jelly-removebg-preview.png,2|21,Very hard,7,
1237,84,Drizzly_Dale,Order,22,20000,: 69,Multilayered frosting 2024 FTUE order.png,69,Medium,4,Formerly the hardest level to earn 3 stars
1238,84,Drizzly_Dale,Jelly,27,90000,: 45,Double jelly-removebg-preview.png,45,Somewhat hard,5,
1239,84,Drizzly_Dale,Order,26,25000,: 20,Yellowcandy order.png,20,Nearly impossible,9,
1240,84,Drizzly_Dale,Ingredients,29,40000,: 1,Gummi Dragon order.png,1,Easy,2,
1241,84,Drizzly_Dale,Jelly,34,100000,: 50,Double jelly-removebg-preview.png,50,Medium,4,
1242,84,Drizzly_Dale,Jelly,29,10000,: 4 : 13,Single jelly-removebg-preview (1).png|Double jelly-removebg-preview.png,4|13,,,
1243,84,Drizzly_Dale,Jelly,28,28000,: 14,Double jelly-removebg-preview.png,14,Hard,6,
1244,84,Drizzly_Dale,Ingredients,18,20000,: 2,Gummi Dragon order.png,2,Very hard,7,
1245,84,Drizzly_Dale,Jelly,27,88000,: 55,Double jelly-removebg-preview.png,55,Hard,6,
1246,84,Drizzly_Dale,Jelly,20,164000,: 80,Double jelly-removebg-preview.png,80,Extremely hard,8,
1247,84,Drizzly_Dale,Ingredients,23,20000,: 2,Gummi Dragon order.png,2,Very hard,7,
1248,84,Drizzly_Dale,Order,23,10000,: 11,Yellowcandy order.png,11,Medium,4,
1249,84,Drizzly_Dale,Jelly,29,20000,: 10,Double jelly-removebg-preview.png,10,Very easy,1,
1250,84,Drizzly_Dale,Ingredients,21,20000,: 2,Gummi Dragon order.png,2,Somewhat hard,5,
1251,85,Bonbon_Bistro,Jelly,26,90000,: 36 : 27,Single jelly-removebg-preview (1).png|Double jelly-removebg-preview.png,36|27,Extremely hard,8,
1252,85,Bonbon_Bistro,Jelly,28,162000,: 33 : 48,Single jelly-removebg-preview (1).png|Double jelly-removebg-preview.png,33|48,Somewhat easy,3,
1253,85,Bonbon_Bistro,Jelly,30,108000,: 50,Double jelly-removebg-preview.png,50,Somewhat easy,3,
1254,85,Bonbon_Bistro,Ingredients,25,40000,: 4,Gummi Dragon order.png,4,Medium,4,
1255,85,Bonbon_Bistro,Jelly,25,72000,: 36,Double jelly-removebg-preview.png,36,Somewhat hard,5,
1256,85,Bonbon_Bistro,Jelly,22,140000,: 69,Double jelly-removebg-preview.png,69,Easy,2,
1257,85,Bonbon_Bistro,Jelly,20,50000,: 50,Single jelly-removebg-preview (1).png,50,Medium,4,
1258,85,Bonbon_Bistro,Order,20,50000,: 20,Yellowcandy order.png,20,Nearly impossible,9,
1259,85,Bonbon_Bistro,Ingredients,20,80000,: 6,Gummi Dragon order.png,6,Very easy,1,
1260,85,Bonbon_Bistro,Jelly,24,114000,: 57,Double jelly-removebg-preview.png,57,Hard,6,
1261,85,Bonbon_Bistro,Ingredients,22,20000,: 1,Gummi Dragon order.png,1,Hard,6,
1262,85,Bonbon_Bistro,Ingredients,35,40000,: 1,Gummi Dragon order.png,1,,,
1263,85,Bonbon_Bistro,Jelly,20,82000,: 41,Double jelly-removebg-preview.png,41,Very hard,7,
1264,85,Bonbon_Bistro,Ingredients,22,85000,: 8,Gummi Dragon order.png,8,Extremely hard,8,
1265,85,Bonbon_Bistro,Jelly,20,44000,: 22,Double jelly-removebg-preview.png,22,Very hard,7,
1266,86,Diamond_District,Jelly,30,34000,: 17,Double jelly-removebg-preview.png,17,Very hard,7,
1267,86,Diamond_District,Jelly,32,72000,: 72,Double jelly-removebg-preview.png,72,Medium,4,
1268,86,Diamond_District,Jelly,24,110000,: 64,Double jelly-removebg-preview.png,64,Nearly impossible,9,
1269,86,Diamond_District,Jelly,20,42000,: 21,Double jelly-removebg-preview.png,21,Somewhat hard,5,
1270,86,Diamond_District,Jelly,22,118000,: 59,Double jelly-removebg-preview.png,59,Very hard,7,
1271,86,Diamond_District,Ingredients,15,40000,: 4,Gummi Dragon order.png,4,Very hard,7,
1272,86,Diamond_District,Jelly,31,72000,: 36,Double jelly-removebg-preview.png,36,Extremely hard,8,
1273,86,Diamond_District,Jelly,29,150000,: 75,Double jelly-removebg-preview.png,75,Somewhat hard,5,
1274,86,Diamond_District,Ingredients,15,80000,: 8,Gummi Dragon order.png,8,Hard,6,
1275,86,Diamond_District,Jelly,25,46000,: 56,Double jelly-removebg-preview.png,56,Very hard,7,
1276,86,Diamond_District,Jelly,21,100000,: 49,Double jelly-removebg-preview.png,49,Very hard,7,
1277,86,Diamond_District,Order,30,10000,: 50 : 15,Liquorice Swirl order.png|Wrapped2 (trans).png,50|15,Extremely hard,8,
1278,86,Diamond_District,Ingredients,27,20000,: 2,Gummi Dragon order.png,2,Medium,4,
1279,86,Diamond_District,Order,25,100000,: 3 : 100 : 100,Licoriceshell1.png|Bluecandy order.png|Greencandy order.png,3|100|100,Easy,2,
1280,86,Diamond_District,Order,20,80000,: 12 : 16 : 119,Wrapped2 (trans).png|Striped2 (trans).png|Icing order new.png,12|16|119,Hard,6,
1281,87,Butter_Rum_Reef,Jelly,22,48000,: 64,Double jelly-removebg-preview.png,64,Hard,6,
1282,87,Butter_Rum_Reef,Jelly,23,54000,: 27,Double jelly-removebg-preview.png,27,Very hard,7,
1283,87,Butter_Rum_Reef,Ingredients,31,20000,: 2,Gummi Dragon order.png,2,Medium,4,
1284,87,Butter_Rum_Reef,Jelly,30,38000,: 21,Double jelly-removebg-preview.png,21,Somewhat easy,3,
1285,87,Butter_Rum_Reef,Jelly,22,68000,: 33,Double jelly-removebg-preview.png,33,Hard,6,
1286,87,Butter_Rum_Reef,Ingredients,15,10000,: 1,Gummi Dragon order.png,1,Very hard,7,
1287,87,Butter_Rum_Reef,Jelly,24,30000,: 4 : 17,Single jelly-removebg-preview (1).png|Double jelly-removebg-preview.png,4|17,Hard,6,
1288,87,Butter_Rum_Reef,Jelly,24,50000,: 12 : 53,Single jelly-removebg-preview (1).png|Double jelly-removebg-preview.png,12|53,Nearly impossible,9,
1289,87,Butter_Rum_Reef,Ingredients,35,40000,: 4,Gummi Dragon order.png,4,Somewhat easy,3,
1290,87,Butter_Rum_Reef,Jelly,23,100000,: 73,Double jelly-removebg-preview.png,73,Very hard,7,
1291,87,Butter_Rum_Reef,Order,19,35500,: 53,Multilayered frosting 2024 FTUE order.png,53,Extremely hard,8,
1292,87,Butter_Rum_Reef,Jelly,20,114000,: 8 : 57,Single jelly-removebg-preview (1).png|Double jelly-removebg-preview.png,8|57,Very hard,7,
1293,87,Butter_Rum_Reef,Jelly,28,74000,: 69,Double jelly-removebg-preview.png,69,Hard,6,
1294,87,Butter_Rum_Reef,Ingredients,15,20000,: 4,Gummi Dragon order.png,4,Medium,4,
1295,87,Butter_Rum_Reef,Jelly,24,108000,: 16 : 36,Single jelly-removebg-preview (1).png|Double jelly-removebg-preview.png,16|36,Somewhat hard,5,
1296,88,Hoax_Hollow,Ingredients,31,20000,: 2,Gummi Dragon order.png,2,Easy,2,
1297,88,Hoax_Hollow,Jelly,24,126000,: 63,Double jelly-removebg-preview.png,63,Nearly impossible,9,
1298,88,Hoax_Hollow,Jelly,28,146000,: 73,Double jelly-removebg-preview.png,73,Somewhat hard,5,
1299,88,Hoax_Hollow,Order,24,20002,: 17,Yellowcandy order.png,17,Nearly impossible,9,
1300,88,Hoax_Hollow,Ingredients,17,50000,: 5,Gummi Dragon order.png,5,Very hard,7,
1301,88,Hoax_Hollow,Order,25,40000,: 5,Color bomb (trans).png,5,,,
1302,88,Hoax_Hollow,Ingredients,15,50000,: 1,Gummi Dragon order.png,1,Nearly impossible,9,
1303,88,Hoax_Hollow,Jelly,21,28000,: 28,Double jelly-removebg-preview.png,28,Extremely hard,8,
1304,88,Hoax_Hollow,Order,23,20000,: 79 : 24,Multilayered frosting 2024 FTUE order.png|Liquorice Swirl order.png,79|24,Hard,6,
1305,88,Hoax_Hollow,Jelly,34,76000,: 38,Double jelly-removebg-preview.png,38,Extremely hard,8,
1306,88,Hoax_Hollow,Ingredients,32,30000,: 1,Gummi Dragon order.png,1,,,
1307,88,Hoax_Hollow,Jelly,24,118000,: 59,Double jelly-removebg-preview.png,59,Extremely hard,8,
1308,88,Hoax_Hollow,Jelly,30,90000,: 25,Double jelly-removebg-preview.png,25,Very hard,7,
1309,88,Hoax_Hollow,Ingredients,23,40000,: 2,Gummi Dragon order.png,2,Somewhat hard,5,
1310,88,Hoax_Hollow,Jelly,20,72000,: 36,Double jelly-removebg-preview.png,36,Very hard,7,
1311,89,Honey_Hut,Jelly,21,62000,: 31,Double jelly-removebg-preview.png,31,Hard,6,
1312,89,Honey_Hut,Ingredients,35,10000,: 3,Gummi Dragon order.png,3,,,
1313,89,Honey_Hut,Jelly,19,10000,: 53,Double jelly-removebg-preview.png,53,Extremely hard,8,
1314,89,Honey_Hut,Jelly,28,50000,: 27,Single jelly-removebg-preview (1).png,27,Medium,4,
1315,89,Honey_Hut,Ingredients,21,40000,: 5,Gummi Dragon order.png,5,Extremely hard,8,
1316,89,Honey_Hut,Ingredients,27,40000,: 1,Gummi Dragon order.png,1,Somewhat easy,3,
1317,89,Honey_Hut,Order,20,50000,: 27,One-layered Toffee Swirl.png,27,Somewhat easy,3,
1318,89,Honey_Hut,Jelly,25,100000,: 9 : 45,Single jelly-removebg-preview (1).png|Double jelly-removebg-preview.png,9|45,Medium,4,
1319,89,Honey_Hut,Jelly,29,27000,: 27,Single jelly-removebg-preview (1).png,27,Somewhat easy,3,
1320,89,Honey_Hut,Ingredients,26,60000,: 6,Gummi Dragon order.png,6,Easy,2,
1321,89,Honey_Hut,Order,15,30000,: 15,Striped2 (trans).png,15,Very hard,7,
1322,89,Honey_Hut,Ingredients,30,50000,: 2,Gummi Dragon order.png,2,Very hard,7,
1323,89,Honey_Hut,Ingredients,23,30000,: 3,Gummi Dragon order.png,3,Hard,6,
1324,89,Honey_Hut,Jelly,35,25000,: 25,Double jelly-removebg-preview.png,25,Somewhat hard,5,
1325,89,Honey_Hut,Order,32,10000,: 36 : 36 : 36,Purplecandy order.png|Bluecandy order.png|Greencandy order.png,36|36|36,,,
1326,90,Brulee_Bay,Jelly,25,50000,: 25,Double jelly-removebg-preview.png,25,Somewhat hard,5,is officially introduced
1327,90,Brulee_Bay,Ingredients,28,60000,: 2,Gummi Dragon order.png,2,Medium,4,
1328,90,Brulee_Bay,Jelly,25,90000,: 60,Double jelly-removebg-preview.png,60,Somewhat easy,3,
1329,90,Brulee_Bay,Order,23,200000,: 54,Liquorice Swirl order.png,54,,,
1330,90,Brulee_Bay,Ingredients,16,40000,: 2,Gummi Dragon order.png,2,Hard,6,
1331,90,Brulee_Bay,Order,24,120000,: 8 : 10 : 10,Color bomb (trans).png|Striped2 (trans).png|Wrapped2 (trans).png,8|10|10,Hard,6,
1332,90,Brulee_Bay,Jelly,22,100000,: 63,Double jelly-removebg-preview.png,63,Hard,6,
1333,90,Brulee_Bay,Ingredients,25,40000,: 1,Gummi Dragon order.png,1,Somewhat hard,5,
1334,90,Brulee_Bay,Jelly,22,54000,: 75,Double jelly-removebg-preview.png,75,Extremely hard,8,
1335,90,Brulee_Bay,Jelly,26,100000,: 64,Double jelly-removebg-preview.png,64,Somewhat easy,3,
1336,90,Brulee_Bay,Jelly,25,112000,: 62,Double jelly-removebg-preview.png,62,Easy,2,
1337,90,Brulee_Bay,Jelly,25,30000,: 26,Double jelly-removebg-preview.png,26,Medium,4,
1338,90,Brulee_Bay,Ingredients,26,40000,: 3,Gummi Dragon order.png,3,Very hard,7,
1339,90,Brulee_Bay,Jelly,25,100000,: 65,Double jelly-removebg-preview.png,65,Extremely hard,8,
1340,90,Brulee_Bay,Jelly,25,66000,: 75,Double jelly-removebg-preview.png,75,Extremely hard,8,
1341,91,Candied_Cliffs,Jelly,16,58000,: 27,Double jelly-removebg-preview.png,27,Hard,6,Bombs spawned have only 1 move
1342,91,Candied_Cliffs,Jelly,17,30000,: 35,Double jelly-removebg-preview.png,35,Very hard,7,
1343,91,Candied_Cliffs,Jelly,29,78000,: 6 : 36,Single jelly-removebg-preview (1).png|Double jelly-removebg-preview.png,6|36,Medium,4,
1344,91,Candied_Cliffs,Jelly,30,40000,: 20,Double jelly-removebg-preview.png,20,,,
1345,91,Candied_Cliffs,Order,12,10000,: 13,Yellowcandy order.png,13,Extremely hard,8,
1346,91,Candied_Cliffs,Ingredients,30,20000,: 2,Gummi Dragon order.png,2,Somewhat hard,5,
1347,91,Candied_Cliffs,Ingredients,20,40000,: 4,Gummi Dragon order.png,4,Very hard,7,
1348,91,Candied_Cliffs,Jelly,30,45000,: 41,Double jelly-removebg-preview.png,41,Hard,6,
1349,91,Candied_Cliffs,Jelly,12,49000,: 25,Double jelly-removebg-preview.png,25,Very hard,7,"Formerly the smallest Reality board, at only 25 tiles"
1350,91,Candied_Cliffs,Jelly,18,66000,: 33,Double jelly-removebg-preview.png,33,Somewhat easy,3,
1351,91,Candied_Cliffs,Jelly,31,50000,: 60,Double jelly-removebg-preview.png,60,Extremely hard,8,
1352,91,Candied_Cliffs,Ingredients,12,10000,: 1,Gummi Dragon order.png,1,Very hard,7,
1353,91,Candied_Cliffs,Order,12,50000,: 15 : 6 : 3,Striped2 (trans).png|Wrapped2 (trans).png|Color bomb (trans).png,15|6|3,Extremely hard,8,One of the smallest boards in the game (5 x 6 rectangle)
1354,91,Candied_Cliffs,Ingredients,35,20000,: 2,Gummi Dragon order.png,2,Medium,4,First level with magic mixers spawning blockers every two moves.
1355,91,Candied_Cliffs,Ingredients,21,40000,: 4,Gummi Dragon order.png,4,Nearly impossible,9,
1356,92,Candy_Keep,Jelly,18,10000,: 1 : 55,Single jelly-removebg-preview (1).png|Double jelly-removebg-preview.png,1|55,Very hard,7,
1357,92,Candy_Keep,Order,30,10000,: 18,Striped2 (trans).png,18,,,
1358,92,Candy_Keep,Ingredients,21,60000,: 6,Gummi Dragon order.png,6,Extremely hard,8,
1359,92,Candy_Keep,Ingredients,18,30000,: 3,Gummi Dragon order.png,3,Medium,4,
1360,92,Candy_Keep,Ingredients,32,60000,: 3,Gummi Dragon order.png,3,Somewhat easy,3,
1361,92,Candy_Keep,Jelly,25,66000,: 33,Double jelly-removebg-preview.png,33,Easy,2,
1362,92,Candy_Keep,Ingredients,20,20000,: 2,Gummi Dragon order.png,2,Somewhat hard,5,
1363,92,Candy_Keep,Ingredients,30,10000,: 5,Gummi Dragon order.png,5,,,
1364,92,Candy_Keep,Jelly,23,30000,: 59,Double jelly-removebg-preview.png,59,Extremely hard,8,
1365,92,Candy_Keep,Order,24,30000,: 100,Bluecandy order.png,100,Hard,6,
1366,92,Candy_Keep,Ingredients,24,60000,: 6,Gummi Dragon order.png,6,Hard,6,
1367,92,Candy_Keep,Jelly,27,45000,: 12 : 33,Single jelly-removebg-preview (1).png|Double jelly-removebg-preview.png,12|33,Very hard,7,
1368,92,Candy_Keep,Jelly,27,50000,: 21 : 36,Single jelly-removebg-preview (1).png|Double jelly-removebg-preview.png,21|36,,,
1369,92,Candy_Keep,Order,14,25000,: 100,Multilayered frosting 2024 FTUE order.png,100,Very hard,7,
1370,92,Candy_Keep,Jelly,18,100000,: 63,Double jelly-removebg-preview.png,63,Very hard,7,
1371,93,Syrupy_Circus,Order,23,20000,: 2 : 100 : 100,Colourbomb colourbomb (trans).png|Bluecandy order.png|Greencandy order.png,2|100|100,Hard,6,
1372,93,Syrupy_Circus,Jelly,35,91000,: 7 : 42,Single jelly-removebg-preview (1).png|Double jelly-removebg-preview.png,7|42,Very hard,7,
1373,93,Syrupy_Circus,Jelly,11,20000,: 16,Double jelly-removebg-preview.png,16,Extremely hard,8,
1374,93,Syrupy_Circus,Ingredients,32,20000,: 3,Gummi Dragon order.png,3,,,
1375,93,Syrupy_Circus,Order,19,60000,: 90 : 10 : 90,Purplecandy order.png|Wrapped2 (trans).png|Bluecandy order.png,90|10|90,Hard,6,
1376,93,Syrupy_Circus,Jelly,26,82000,: 41,Double jelly-removebg-preview.png,41,Hard,6,
1377,93,Syrupy_Circus,Ingredients,20,20000,: 5,Gummi Dragon order.png,5,Very hard,7,
1378,93,Syrupy_Circus,Jelly,25,28000,: 14,Double jelly-removebg-preview.png,14,Nearly impossible,9,
1379,93,Syrupy_Circus,Ingredients,30,50000,: 4,Gummi Dragon order.png,4,Medium,4,
1380,93,Syrupy_Circus,Order,16,10000,: 66,One-layered Toffee Swirl.png,66,Very hard,7,
1381,93,Syrupy_Circus,Ingredients,19,40000,: 4,Gummi Dragon order.png,4,Somewhat hard,5,
1382,93,Syrupy_Circus,Jelly,29,60000,: 23,Double jelly-removebg-preview.png,23,Somewhat hard,5,
1383,93,Syrupy_Circus,Ingredients,17,70000,: 7,Gummi Dragon order.png,7,Extremely hard,8,
1384,93,Syrupy_Circus,Jelly,20,72000,: 36,Double jelly-removebg-preview.png,36,Very hard,7,
1385,93,Syrupy_Circus,Order,20,30000,: 138,Multilayered frosting 2024 FTUE order.png,138,Extremely hard,8,
1386,94,Festive_Forest,Jelly,22,110000,: 55,Double jelly-removebg-preview.png,55,Hard,6,
1387,94,Festive_Forest,Jelly,26,144000,: 72,Double jelly-removebg-preview.png,72,,,
1388,94,Festive_Forest,Ingredients,18,10000,: 1,Gummi Dragon order.png,1,Extremely hard,8,
1389,94,Festive_Forest,Order,33,8500,: 85,Icing order new.png,85,,,
1390,94,Festive_Forest,Jelly,20,50000,: 49,Double jelly-removebg-preview.png,49,Very hard,7,
1391,94,Festive_Forest,Jelly,20,10000,: 29,Double jelly-removebg-preview.png,29,Somewhat hard,5,
1392,94,Festive_Forest,Jelly,25,138000,: 67,Double jelly-removebg-preview.png,67,Nearly impossible,9,
1393,94,Festive_Forest,Ingredients,20,25000,: 9,Gummi Dragon order.png,9,Very hard,7,
1394,94,Festive_Forest,Order,23,50000,: 40,One-layered Toffee Swirl.png,40,Easy,2,"Marked as a sugar drop level, although none can spawn Last Moves level that was released in 2015"
1395,94,Festive_Forest,Jelly,24,60000,: 2 : 20,Single jelly-removebg-preview (1).png|Double jelly-removebg-preview.png,2|20,Hard,6,
1396,94,Festive_Forest,Ingredients,16,30000,: 1,Gummi Dragon order.png,1,Extremely hard,8,
1397,94,Festive_Forest,Jelly,24,31000,: 31,Double jelly-removebg-preview.png,31,Extremely hard,8,
1398,94,Festive_Forest,Jelly,18,85000,: 3 : 41,Single jelly-removebg-preview (1).png|Double jelly-removebg-preview.png,3|41,Very hard,7,
1399,94,Festive_Forest,Ingredients,17,20000,: 9,Gummi Dragon order.png,9,Very hard,7,
1400,94,Festive_Forest,Ingredients,28,20000,: 4,Gummi Dragon order.png,4,Somewhat hard,5,
1401,95,Peppermint_Party,Order,12,50000,: 25 : 15,Color bomb (trans).png|Wrapped2 (trans).png,25|15,Extremely hard,8,
1402,95,Peppermint_Party,Jelly,18,100000,: 50,Double jelly-removebg-preview.png,50,Extremely hard,8,
1403,95,Peppermint_Party,Ingredients,13,30000,: 7,Gummi Dragon order.png,7,Somewhat hard,5,
1404,95,Peppermint_Party,Jelly,17,54000,: 27,Double jelly-removebg-preview.png,27,Very hard,7,
1405,95,Peppermint_Party,Ingredients,15,20000,: 4,Gummi Dragon order.png,4,Hard,6,
1406,95,Peppermint_Party,Order,25,50000,: 35,Wrapped2 (trans).png,35,Easy,2,
1407,95,Peppermint_Party,Jelly,32,78000,: 39,Double jelly-removebg-preview.png,39,Hard,6,
1408,95,Peppermint_Party,Ingredients,28,40000,: 4,Gummi Dragon order.png,4,Somewhat easy,3,
1409,95,Peppermint_Party,Jelly,26,60000,: 56,Double jelly-removebg-preview.png,56,Somewhat easy,3,
1410,95,Peppermint_Party,Ingredients,30,30000,: 3,Gummi Dragon order.png,3,Very hard,7,
1411,95,Peppermint_Party,Jelly,28,150000,: 52 : 24,Single jelly-removebg-preview (1).png|Double jelly-removebg-preview.png,52|24,,,
1412,95,Peppermint_Party,Order,30,30000,: 12,Yellowcandy order.png,12,Very hard,7,
1413,95,Peppermint_Party,Ingredients,30,20000,: 1,Gummi Dragon order.png,1,Somewhat easy,3,Hardest level in the game to earn three stars
1414,95,Peppermint_Party,Jelly,35,82000,: 42,Double jelly-removebg-preview.png,42,Medium,4,
1415,95,Peppermint_Party,Order,30,10000,: 30,Striped2 (trans).png,30,Somewhat easy,3,
1416,96,Mount_Chocolympus,Jelly,24,50000,: 62,Double jelly-removebg-preview.png,62,Somewhat easy,3,
1417,96,Mount_Chocolympus,Jelly,23,72000,: 36,Double jelly-removebg-preview.png,36,Somewhat easy,3,
1418,96,Mount_Chocolympus,Ingredients,27,30000,: 7,Gummi Dragon order.png,7,Hard,6,
1419,96,Mount_Chocolympus,Jelly,13,148000,: 76,Double jelly-removebg-preview.png,76,Hard,6,
1420,96,Mount_Chocolympus,Order,12,50000,: 100 : 100 : 20,Greencandy order.png|Bluecandy order.png|Wrapped2 (trans).png,100|100|20,Very hard,7,Last Candy Order level that was released in 2015
1421,96,Mount_Chocolympus,Jelly,29,185000,: 2 : 39,Single jelly-removebg-preview (1).png|Double jelly-removebg-preview.png,2|39,Easy,2,
1422,96,Mount_Chocolympus,Jelly,23,48000,: 24,Double jelly-removebg-preview.png,24,Hard,6,
1423,96,Mount_Chocolympus,Jelly,30,92000,: 48,Double jelly-removebg-preview.png,48,Somewhat hard,5,
1424,96,Mount_Chocolympus,Jelly,20,20000,: 73 : 1,Single jelly-removebg-preview (1).png|Double jelly-removebg-preview.png,73|1,,,
1425,96,Mount_Chocolympus,Jelly,25,100000,: 73,Double jelly-removebg-preview.png,73,Easy,2,
1426,96,Mount_Chocolympus,Jelly,23,45000,: 70,Double jelly-removebg-preview.png,70,Somewhat hard,5,
1427,96,Mount_Chocolympus,Jelly,24,10000,: 13,Double jelly-removebg-preview.png,13,Somewhat easy,3,
1428,96,Mount_Chocolympus,Jelly,15,32000,: 16,Double jelly-removebg-preview.png,16,Easy,2,Last Jelly level that was released in 2015
1429,96,Mount_Chocolympus,Ingredients,29,40000,: 3,Gummi Dragon order.png,3,Medium,4,
1430,96,Mount_Chocolympus,Ingredients,16,20000,: 2,Gummi Dragon order.png,2,Somewhat easy,3,Last Ingredients level and Last level overall that was released in 2015
1431,97,Flavor_Field,Ingredients,19,50000,: 10,Gummi Dragon order.png,10,Somewhat easy,3,First Reality level that was released in 2016
1432,97,Flavor_Field,Jelly,10,20000,: 8 : 41,Single jelly-removebg-preview (1).png|Double jelly-removebg-preview.png,8|41,,,
1433,97,Flavor_Field,Ingredients,20,20000,: 3,Gummi Dragon order.png,3,Somewhat easy,3,
1434,97,Flavor_Field,Jelly,17,32000,: 8 : 15,Single jelly-removebg-preview (1).png|Double jelly-removebg-preview.png,8|15,Very hard,7,
1435,97,Flavor_Field,Order,23,12000,: 1,Colourbomb colourbomb (trans).png,1,Extremely hard,8,
1436,97,Flavor_Field,Jelly,25,118000,: 59,Double jelly-removebg-preview.png,59,Somewhat easy,3,
1437,97,Flavor_Field,Order,24,50000,: 28,One-layered Toffee Swirl.png,28,Very hard,7,
1438,97,Flavor_Field,Jelly,35,63000,: 81,Double jelly-removebg-preview.png,81,Somewhat easy,3,
1439,97,Flavor_Field,Order,13,20000,: 3,Yellowcandy order.png,3,Easy,2,
1440,97,Flavor_Field,Jelly,29,128000,: 65,Double jelly-removebg-preview.png,65,Medium,4,
1441,97,Flavor_Field,Ingredients,9,40000,: 4,Gummi Dragon order.png,4,Medium,4,
1442,97,Flavor_Field,Ingredients,28,20000,: 2,Gummi Dragon order.png,2,,,
1443,97,Flavor_Field,Ingredients,13,20000,: 2,Gummi Dragon order.png,2,Extremely hard,8,
1444,97,Flavor_Field,Jelly,30,100000,: 32 : 38,Single jelly-removebg-preview (1).png|Double jelly-removebg-preview.png,32|38,Easy,2,
1445,97,Flavor_Field,Jelly,28,36000,: 64,Double jelly-removebg-preview.png,64,Very hard,7,
1446,98,Divine_Diner,Ingredients,34,60000,: 6,Cherry order.png,6,Very hard,7,
1447,98,Divine_Diner,Order,29,20000,: 18 : 11 : 11,Icing order new.png|Chocolate order.png|Liquorice Swirl order.png,18|11|11,Somewhat easy,3,First level that requires blockers to fulfill the order
1448,98,Divine_Diner,Jelly,31,100000,: 40,Double jelly-removebg-preview.png,40,Medium,4,"Formerly a level with a special magic mixer, which also spawns crystal candies and rainbow twists."
1449,98,Divine_Diner,Ingredients,31,80000,: 8,Cherry order.png,8,Very hard,7,
1450,98,Divine_Diner,Order,29,10000,: 16,Chocolate order.png,16,Hard,6,
1451,98,Divine_Diner,Jelly,33,32000,: 2 : 16,Single jelly-removebg-preview (1).png|Double jelly-removebg-preview.png,2|16,Hard,6,
1452,98,Divine_Diner,Jelly,20,90000,: 36,Double jelly-removebg-preview.png,36,Hard,6,
1453,98,Divine_Diner,Ingredients,27,80000,: 8,Cherry order.png,8,Medium,4,
1454,98,Divine_Diner,Order,31,50000,: 1 : 8 : 26,Licoriceshell1.png|Chocolate order.png|Icing order new.png,1|8|26,Somewhat hard,5,
1455,98,Divine_Diner,Jelly,31,39000,: 9 : 15,Single jelly-removebg-preview (1).png|Double jelly-removebg-preview.png,9|15,,,
1456,98,Divine_Diner,Ingredients,32,40000,: 2,Cherry order.png,2,Easy,2,
1457,98,Divine_Diner,Order,40,20000,: 30 : 20 : 10,Icing order new.png|Chocolate order.png|Liquorice Swirl order.png,30|20|10,,,
1458,98,Divine_Diner,Jelly,18,120000,: 8 : 26,Single jelly-removebg-preview (1).png|Double jelly-removebg-preview.png,8|26,Extremely hard,8,
1459,98,Divine_Diner,Ingredients,21,50000,: 2,Cherry order.png,2,Hard,6,
1460,98,Divine_Diner,Order,26,50000,: 14 : 31 : 46,Chocolate order.png|Liquorice Swirl order.png|Icing order new.png,14|31|46,Extremely hard,8,
1461,99,Dessert_Desert,Jelly,16,50000,: 52,Double jelly-removebg-preview.png,52,Very hard,7,
1462,99,Dessert_Desert,Jelly,28,100000,: 64,Double jelly-removebg-preview.png,64,Extremely hard,8,
1463,99,Dessert_Desert,Ingredients,20,40000,: 4,Gummi Dragon order.png,4,,,
1464,99,Dessert_Desert,Order,26,150000,: 39 : 3,Liquorice Swirl order.png|Licoriceshell1.png,39|3,Medium,4,
1465,99,Dessert_Desert,Ingredients,15,50000,: 5,Gummi Dragon order.png,5,Very hard,7,
1466,99,Dessert_Desert,Order,26,25000,: 95,Icing order new.png,95,Hard,6,
1467,99,Dessert_Desert,Jelly,20,100000,: 57,Double jelly-removebg-preview.png,57,Extremely hard,8,
1468,99,Dessert_Desert,Ingredients,12,40000,: 4,Gummi Dragon order.png,4,Very hard,7,
1469,99,Dessert_Desert,Jelly,15,10000,: 6 : 28,Single jelly-removebg-preview (1).png|Double jelly-removebg-preview.png,6|28,Extremely hard,8,
1470,99,Dessert_Desert,Ingredients,27,10000,: 3,Gummi Dragon order.png,3,Hard,6,
1471,99,Dessert_Desert,Order,23,20000,: 25 : 85,Liquorice Swirl order.png|Icing order new.png,25|85,Very hard,7,
1472,99,Dessert_Desert,Order,20,30000,: 1 : 76 : 28,Licoriceshell1.png|One-layered Toffee Swirl.png|Bubblegum Pop order.png,1|76|28,Extremely hard,8,
1473,99,Dessert_Desert,Jelly,30,100000,: 11 : 50,Single jelly-removebg-preview (1).png|Double jelly-removebg-preview.png,11|50,Very hard,7,
1474,99,Dessert_Desert,Ingredients,22,30000,: 5,Gummi Dragon order.png,5,Extremely hard,8,
1475,99,Dessert_Desert,Order,25,30000,: 8 : 12 : 28,Wrapped2 (trans).png|Chocolate order.png|Liquorice Swirl order.png,8|12|28,Somewhat hard,5,
1476,100,Delicious_Dynasty,Order,29,30000,: 100 : 100 : 100,Purplecandy order.png|Greencandy order.png|Bluecandy order.png,100|100|100,Variable,,
1477,100,Delicious_Dynasty,Order,30,20000,: 45 : 34,Liquorice Swirl order.png|Icing order new.png,45|34,Very hard,7,
1478,100,Delicious_Dynasty,Jelly,37,62000,: 24,Double jelly-removebg-preview.png,24,Very hard,7,
1479,100,Delicious_Dynasty,Jelly,21,110000,: 77,Double jelly-removebg-preview.png,77,Hard,6,
1480,100,Delicious_Dynasty,Order,21,50000,: 75,Icing order new.png,75,Extremely hard,8,
1481,100,Delicious_Dynasty,Jelly,22,46000,: 23,Double jelly-removebg-preview.png,23,Hard,6,
1482,100,Delicious_Dynasty,Jelly,27,162000,: 81,Double jelly-removebg-preview.png,81,Hard,6,
1483,100,Delicious_Dynasty,Order,20,125000,: 7 : 7 : 7,Color bomb (trans).png|Striped2 (trans).png|Wrapped2 (trans).png,7|7|7,Very hard,7,
1484,100,Delicious_Dynasty,Ingredients,13,30000,: 3,Gummi Dragon order.png,3,Extremely hard,8,
1485,100,Delicious_Dynasty,Jelly,35,72000,: 3 : 44,Single jelly-removebg-preview (1).png|Double jelly-removebg-preview.png,3|44,Very hard,7,
1486,100,Delicious_Dynasty,Jelly,25,64000,: 7 : 16,Single jelly-removebg-preview (1).png|Double jelly-removebg-preview.png,7|16,,,
1487,100,Delicious_Dynasty,Ingredients,24,20000,: 2,Gummi Dragon order.png,2,Nearly impossible,9,
1488,100,Delicious_Dynasty,Jelly,15,100000,: 40 : 26,Single jelly-removebg-preview (1).png|Double jelly-removebg-preview.png,40|26,Nearly impossible,9,
1489,100,Delicious_Dynasty,Jelly,25,26000,: 73,Double jelly-removebg-preview.png,73,Extremely hard,8,
1490,100,Delicious_Dynasty,Order,30,40000,: 15 : 25 : 35,Chocolate order.png|Icing order new.png|Liquorice Swirl order.png,15|25|35,Extremely hard,8,
1491,101,Precious_Pond,Order,35,40000,: 2 : 55 : 15,Color bomb (trans).png|Multilayered frosting 2024 FTUE order.png|Striped2 (trans).png,2|55|15,,,
1492,101,Precious_Pond,Ingredients,32,10000,: 2,Gummi Dragon order.png,2,Somewhat easy,3,
1493,101,Precious_Pond,Jelly,15,78000,: 66,Double jelly-removebg-preview.png,66,Extremely hard,8,
1494,101,Precious_Pond,Ingredients,15,20000,: 2,Gummi Dragon order.png,2,Variable,,
1495,101,Precious_Pond,Jelly,35,37000,: 74,Single jelly-removebg-preview (1).png,74,,,
1496,101,Precious_Pond,Ingredients,23,10000,: 1,Gummi Dragon order.png,1,Hard,6,
1497,101,Precious_Pond,Jelly,23,10000,: 81,Double jelly-removebg-preview.png,81,Extremely hard,8,
1498,101,Precious_Pond,Ingredients,23,20000,: 2,Gummi Dragon order.png,2,Hard,6,
1499,101,Precious_Pond,Order,25,75000,: 7 : 50 : 7,Licoriceshell1.png|Striped2 (trans).png|Color bomb (trans).png,7|50|7,Very hard,7,
1500,101,Precious_Pond,Jelly,15,50000,: 53,Double jelly-removebg-preview.png,53,Nearly impossible,9,
1501,101,Precious_Pond,Jelly,20,105000,: 72,Double jelly-removebg-preview.png,72,Hard,6,
1502,101,Precious_Pond,Order,20,15000,: 35,Dark Chocolate order.png,35,Somewhat easy,3,
1503,101,Precious_Pond,Ingredients,11,20000,: 9,Gummi Dragon order.png,9,Nearly impossible,9,
1504,101,Precious_Pond,Jelly,19,62000,: 31,Double jelly-removebg-preview.png,31,Extremely hard,8,
1505,101,Precious_Pond,Ingredients,24,20000,: 2,Gummi Dragon order.png,2,Very hard,7,
